item_id	name
10000	四叶花
10001	麝香
10002	山药
10003	丁香水
10004	血色茶花
10005	金疮药
10006	紫丹罗
10007	熊胆
10008	佛光舍利子
10009	草果
10010	鬼切草
10011	七叶莲
10012	九香虫
10013	月见草
10014	百色花
10015	佛手
10016	香叶
10017	包子
10018	白玉骨头
10019	龙须草
10020	八角莲叶
10021	天青地白
10022	人参
10023	曼陀罗花
10024	灵脂
10025	水黄莲
10026	旋复花
10027	小还丹
10028	千年保心丹
10029	风水混元丹
10030	金香玉
10031	天不老
10032	紫石英
10033	凤凰尾
10034	硫磺草
10035	龙之心屑
10036	月星子
10037	血珊瑚
10038	火凤之睛
10039	孔雀红
10040	鹿茸
10041	仙狐涎
10042	天龙水
10043	地狱灵芝
10044	餐风饮露
10045	白露为霜
10046	六道轮回
10047	蛇蝎美人
10048	定神香
10049	九转还魂丹
10050	十香返生丸
10051	红雪散
10052	五龙丹
10053	烤鸭
10054	女儿红
10055	烤肉
10056	翡翠豆腐
10057	梅花酒
10058	蛇胆酒
10059	佛跳墙
10060	珍露酒
10061	虎骨酒
10062	臭豆腐
10063	百味酒
10064	醉生梦死
10065	飞刀
10066	飞蝗石
10067	铁蒺藜
10068	无影神针
10069	孔雀翎
10070	含沙射影
10071	回龙摄魂镖
10072	寸阴若梦
10073	魔睛子
10074	顺逆神针
10075	宠物口粮
10076	洞冥草
10077	摄妖香
10078	兰花
10079	桃花
10080	魔兽要诀
10081	魔兽要诀
10082	魔兽要诀
10083	魔兽要诀
10084	魔兽要诀
10085	魔兽要诀
10086	魔兽要诀
10087	魔兽要诀
10088	魔兽要诀
10089	魔兽要诀
10090	魔兽要诀
10091	魔兽要诀
10092	魔兽要诀
10093	魔兽要诀
10094	魔兽要诀
10095	魔兽要诀
10096	魔兽要诀
10097	魔兽要诀
10098	魔兽要诀
10099	魔兽要诀
10100	魔兽要诀
10101	魔兽要诀
10102	魔兽要诀
10103	魔兽要诀
10104	魔兽要诀
10105	魔兽要诀
10106	魔兽要诀
10107	魔兽要诀
10108	魔兽要诀
10109	魔兽要诀
10110	红缨枪
10112	曲尖枪
10113	锯齿矛
10114	乌金三叉戟
10115	火焰枪
10116	墨杆金钩
10117	玄铁矛
10118	金蛇信
10119	丈八点钢矛
10120	暗夜
10121	暗夜
10122	暗夜
10123	梨花
10124	梨花
10125	梨花
10126	霹雳
10127	霹雳
10128	霹雳
10129	刑天之逆
10130	刑天之逆
10131	刑天之逆
10132	五虎断魂
10133	五虎断魂
10134	五虎断魂
10135	飞龙在天
10136	飞龙在天
10137	飞龙在天
10138	折扇
10139	铁骨扇
10140	精钢扇
10141	铁面扇
10142	百折扇
10143	劈水扇
10144	神火扇
10145	阴风扇
10146	风云雷电
10147	太极
10148	太极
10149	太极
10150	玉龙
10151	玉龙
10152	玉龙
10153	秋风
10154	秋风
10155	秋风
10156	画龙点睛
10157	画龙点睛
10158	画龙点睛
10159	秋水人家
10160	秋水人家
10161	秋水人家
10162	逍遥江湖
10163	逍遥江湖
10164	逍遥江湖
10165	细木棒
10166	金丝魔棒
10167	玉如意
10168	点金棒
10169	云龙棒
10170	幽路引魂
10171	满天星
10172	水晶棒
10173	日月光华
10174	沧海
10175	沧海
10176	沧海
10177	红莲
10178	红莲
10179	红莲
10180	盘龙
10181	盘龙
10182	盘龙
10183	降魔玉杵
10184	降魔玉杵
10185	降魔玉杵
10186	青藤玉树
10187	青藤玉树
10188	青藤玉树
10189	墨玉骷髅
10190	墨玉骷髅
10191	墨玉骷髅
10192	铁爪
10193	天狼爪
10194	幽冥鬼爪
10195	青龙牙
10196	勾魂爪
10197	玄冰刺
10198	青刚刺
10199	华光刺
10200	龙鳞刺
10201	撕天
10202	撕天
10203	撕天
10204	毒牙
10205	毒牙
10206	毒牙
10207	胭脂
10208	胭脂
10209	胭脂
10210	九阴勾魂
10211	九阴勾魂
10212	九阴勾魂
10213	雪蚕之刺
10214	雪蚕之刺
10215	雪蚕之刺
10216	贵霜之牙
10217	贵霜之牙
10218	贵霜之牙
10219	青铜斧
10220	开山斧
10221	双面斧
10222	双弦钺
10223	精钢禅钺
10224	黄金钺
10225	乌金鬼头镰
10226	狂魔镰
10227	恶龙之齿
10228	破魄
10229	破魄
10230	破魄
10231	肃魂
10232	肃魂
10233	肃魂
10234	无敌
10235	无敌
10236	无敌
10237	五丁开山
10238	五丁开山
10239	五丁开山
10240	元神禁锢
10241	元神禁锢
10242	元神禁锢
10243	护法灭魔
10244	护法灭魔
10245	护法灭魔
10246	松木锤
10247	镔铁锤
10248	八棱金瓜
10249	狼牙锤
10250	烈焰锤
10251	破甲战锤
10252	震天锤
10253	巨灵神锤
10254	天崩地裂
10255	八卦
10256	八卦
10257	八卦
10258	鬼牙
10259	鬼牙
10260	鬼牙
10261	雷神
10262	雷神
10263	雷神
10264	混元金锤
10265	混元金锤
10266	混元金锤
10267	九瓣莲花
10268	九瓣莲花
10269	九瓣莲花
10270	鬼王蚀日
10271	鬼王蚀日
10272	鬼王蚀日
10273	黄铜圈
10274	精钢日月圈
10275	离情环
10276	金刺轮
10277	风火圈
10278	赤炎环
10279	蛇形月
10280	子母双月
10281	斜月狼牙
10282	如意
10283	如意
10284	如意
10285	乾坤
10286	乾坤
10287	乾坤
10288	月光
10289	月光
10290	月光
10291	别情离恨
10292	别情离恨
10293	别情离恨
10294	金玉双环
10295	金玉双环
10296	金玉双环
10297	五色缎带
10298	幻彩银纱
10299	金丝彩带
10300	无极丝
10301	天蚕丝带
10302	云龙绸带
10303	七彩罗刹
10304	缚神绫
10305	九天仙绫
10306	彩虹
10307	彩虹
10308	彩虹
10309	流云
10310	流云
10311	流云
10312	碧波
10313	碧波
10314	碧波
10315	秋水落霞
10316	秋水落霞
10317	秋水落霞
10318	晃金仙绳
10319	晃金仙绳
10320	晃金仙绳
10321	此最相思
10322	此最相思
10323	此最相思
10324	青铜短剑
10325	铁齿剑
10326	吴越剑
10327	青锋剑
10328	龙泉剑
10329	黄金剑
10330	游龙剑
10331	北斗七星剑
10332	碧玉剑
10333	鱼肠
10334	鱼肠
10335	鱼肠
10336	倚天
10337	倚天
10338	倚天
10339	湛卢
10340	湛卢
10341	湛卢
10342	魏武青虹
10343	魏武青虹
10344	魏武青虹
10345	灵犀神剑
10346	灵犀神剑
10347	灵犀神剑
10348	四法青云
10349	四法青云
10350	四法青云
10351	柳叶刀
10352	苗刀
10353	夜魔弯刀
10354	金背大砍刀
10355	雁翅刀
10356	破天宝刀
10357	狼牙刀
10358	龙鳞宝刀
10359	黑炎魔刀
10360	冷月
10361	冷月
10362	冷月
10363	屠龙
10364	屠龙
10365	屠龙
10366	血刃
10367	血刃
10368	血刃
10369	偃月青龙
10370	偃月青龙
10371	偃月青龙
10372	晓风残月
10373	晓风残月
10374	晓风残月
10375	斩妖泣血
10376	斩妖泣血
10377	斩妖泣血
10378	双短剑
10379	镔铁双剑
10380	龙凤双剑
10381	竹节双剑
10382	狼牙双剑
10383	鱼骨双剑
10384	赤焰双剑
10385	墨玉双剑
10386	梅花双剑
10387	阴阳
10388	阴阳
10389	阴阳
10390	月光
10391	月光
10392	月光
10393	灵蛇
10394	灵蛇
10395	灵蛇
10396	金龙双剪
10397	金龙双剪
10398	金龙双剪
10399	连理双树
10400	连理双树
10401	连理双树
10402	方巾
10403	布帽
10404	面具
10405	纶巾
10406	缨络丝带
10407	羊角盔
10408	水晶帽
10409	乾坤帽
10410	黑魔冠
10411	白玉龙冠
10412	水晶夔帽
10413	翡翠曜冠
10414	金丝黑玉冠
10415	白玉琉璃冠
10416	兽鬼珐琅面
10417	紫金磐龙冠
10418	簪子
10419	玉钗
10420	梅花簪子
10421	珍珠头带
10422	凤头钗
10423	媚狐头盔
10424	玉女发冠
10425	魔女发冠
10426	七彩花环
10427	凤翅金翎
10428	寒雉霜蚕
10429	曜月嵌星
10430	郁金流苏簪
10431	玉翼附蝉翎
10432	鸾羽九凤冠
10433	金珰紫焰冠
10434	布衣
10435	皮衣
10436	鳞甲
10437	锁子甲
10438	紧身衣
10439	钢甲
10440	夜魔披风
10441	龙骨甲
10442	死亡斗篷
10443	神谕披风
10444	珊瑚玉衣
10445	金蚕披风
10446	乾坤护心甲
10447	蝉翼金丝甲
10448	金丝鱼鳞甲
10449	紫金磐龙甲
10450	布裙
10451	丝绸长裙
10452	五彩裙
10453	龙鳞羽衣
10454	天香披肩
10455	金缕羽衣
10456	霓裳羽衣
10457	流云素裙
10458	七宝天衣
10459	飞天羽衣
10460	穰花翠裙
10461	金蚕丝裙
10462	紫香金乌裙
10463	碧霞彩云衣
10464	金丝蝉翼衫
10465	五彩凤翅衣
10466	腰带
10467	缎带
10468	银腰带
10469	水晶腰带
10470	玉树腰带
10471	琥珀腰链
10472	白面狼牙
10473	乱牙咬
10474	魔童大牙
10475	攫魂铃
10476	双魂引
10477	兽王腰带
10478	百窜云
10479	八卦锻带
10480	圣王坠
10481	幻彩玉带
10482	珠翠玉环
10483	金蟾含珠
10484	乾坤紫玉带
10485	琉璃寒玉带
10486	蝉翼鱼佩带
10487	磐龙凤翔带
10488	布鞋
10489	牛皮靴
10490	马靴
10491	侠客履
10492	神行靴
10493	绿靴
10494	追星踏月
10495	九州履
10496	万里追云履
10497	踏雪无痕
10498	平步青云
10499	追云逐电
10500	乾坤天罡履
10501	七星逐月靴
10502	碧霞流云履
10503	金丝逐日履
10504	护身符
10505	五色飞石
10506	珍珠链
10507	骷髅吊坠
10508	苍魂珠
10509	江湖夜雨
10510	九宫坠
10511	荧光坠子
10512	高速之星
10513	风月宝链
10514	八卦坠
10515	碧水青龙
10516	鬼牙攫魂
10517	万里卷云
10518	疾风之铃
10519	七彩玲珑
10520	黄玉琉佩
10521	鸾飞凤舞
10522	衔珠金凤佩
10523	七璜珠玉佩
10524	鎏金点翠佩
10525	紫金碧玺佩
15000	战魄精铁
15001	战魄精铁
15002	战魄精铁
15003	战魄精铁
15004	战魄精铁
15005	战魄精铁
15006	白虎石
15007	朱雀石
15008	青龙石
15009	玄武石
20000	藏宝图
20001	高级藏宝图
20002	避水珠
20003	龙鳞
20004	夜光珠
20005	定魂珠
20006	金刚石
20007	特赦令牌
20008	月光宝霞
20009	红线
20010	铜钥匙
20011	银钥匙
20012	金钥匙
20013	舍利子
20014	同心锁
20015	紫青宝剑
20016	金箍魔棒
20017	九齿钉耙
20018	月牙铲
20019	金箍
20020	木棉迦裟
20021	九环锡杖
20022	判官笔
20023	妙法莲华经
20024	火尖枪
20025	灵魂之烛
20026	还魂丹
20027	孟婆酒
20028	冥钞
20029	玉酒
20030	天宫名菜
20031	紫衣仙子的铃铛
20032	碧水神石（绿）
20033	碧水神石（绿）
20034	部分的天蓬盔甲
20035	妖怪的念珠
20036	阴阳二气瓶
20037	避水符
20038	栗栗儿的汗巾
20039	仙露
20040	神器碎片
20041	剃刀
20042	般若多罗密多心经
20043	玄天铁鞭
20044	少女的手镯
20045	崔钰的情书
20046	阎王的琵琶
20047	玄奘的血书
20048	玄奘的家信
20049	殷温娇的书信
20050	门贴
20051	唐僧的奏折
20052	魏征的书信
20053	宠物飞升宝石
20054	八戒的情书
20055	认罪书
20056	浪漫超级财神卡
20057	混天绫
20058	枯萎的金莲
20059	江州府大印
20060	玉佩
20061	椰子
20062	金击子
20063	木偶
20064	浪漫VIP体验卡
20065	碎裂的绿烟如梦
20066	新人成长基金
20067	浪漫宠物技能卡
20068	成长豪华礼盒
20069	制造指南书
20070	制造指南书
20071	制造指南书
20072	制造指南书
20073	制造指南书
20074	制造指南书
20075	制造指南书
20076	制造指南书
20077	制造指南书
20078	制造指南书
20079	制造指南书
20080	制造指南书
20081	制造指南书
20082	制造指南书
20083	制造指南书
20084	制造指南书
20085	制造指南书
20086	制造指南书
20087	制造指南书
20088	制造指南书
20089	制造指南书
20090	制造指南书
20091	制造指南书
20092	制造指南书
20093	制造指南书
20094	制造指南书
20095	制造指南书
20096	制造指南书
20097	制造指南书
20098	制造指南书
20099	制造指南书
20100	制造指南书
20101	制造指南书
20102	制造指南书
20103	制造指南书
20104	制造指南书
20105	制造指南书
20106	制造指南书
20107	制造指南书
20108	制造指南书
20109	制造指南书
20110	制造指南书
20111	制造指南书
20112	制造指南书
20113	制造指南书
20114	制造指南书
20115	制造指南书
20116	制造指南书
20117	制造指南书
20118	制造指南书
20119	制造指南书
20120	制造指南书
20121	制造指南书
20122	制造指南书
20123	制造指南书
20124	制造指南书
20125	制造指南书
20126	制造指南书
20127	制造指南书
20128	制造指南书
20129	制造指南书
20130	制造指南书
20131	制造指南书
20132	制造指南书
20133	制造指南书
20134	制造指南书
20135	制造指南书
20136	制造指南书
20137	制造指南书
20138	制造指南书
20139	制造指南书
20140	制造指南书
20141	制造指南书
20142	制造指南书
20143	制造指南书
20144	制造指南书
20145	制造指南书
20146	制造指南书
20147	制造指南书
20148	制造指南书
20149	制造指南书
20150	制造指南书
20151	制造指南书
20152	制造指南书
20153	制造指南书
20154	制造指南书
20155	制造指南书
20156	制造指南书
20157	制造指南书
20158	制造指南书
20159	制造指南书
20160	制造指南书
20161	制造指南书
20162	制造指南书
20163	制造指南书
20164	制造指南书
20165	制造指南书
20166	制造指南书
20167	制造指南书
20168	制造指南书
20169	制造指南书
20170	制造指南书
20171	制造指南书
20172	制造指南书
20173	制造指南书
20174	制造指南书
20175	制造指南书
20176	制造指南书
20177	制造指南书
20178	制造指南书
20179	制造指南书
20180	制造指南书
20181	制造指南书
20182	制造指南书
20183	制造指南书
20184	制造指南书
20185	制造指南书
20186	制造指南书
20187	制造指南书
20188	制造指南书
20189	制造指南书
20190	制造指南书
20191	制造指南书
20192	制造指南书
20193	制造指南书
20194	制造指南书
20195	制造指南书
20196	制造指南书
20197	制造指南书
20198	制造指南书
20199	制造指南书
20200	制造指南书
20201	制造指南书
20202	制造指南书
20203	制造指南书
20204	制造指南书
20205	制造指南书
20206	制造指南书
20207	制造指南书
20208	制造指南书
20209	制造指南书
20210	制造指南书
20211	制造指南书
20212	制造指南书
20213	制造指南书
20214	制造指南书
20215	制造指南书
20216	制造指南书
20217	制造指南书
20218	制造指南书
20219	制造指南书
20220	制造指南书
20221	制造指南书
20222	制造指南书
20223	制造指南书
20224	制造指南书
20225	制造指南书
20226	制造指南书
20227	制造指南书
20228	制造指南书
20229	制造指南书
20230	制造指南书
20231	制造指南书
20232	制造指南书
20233	制造指南书
20234	制造指南书
20235	制造指南书
20236	制造指南书
20237	制造指南书
20238	制造指南书
20239	制造指南书
20240	制造指南书
20241	制造指南书
20242	制造指南书
20243	制造指南书
20244	制造指南书
20245	百炼精铁
20246	百炼精铁
20247	百炼精铁
20248	百炼精铁
20249	百炼精铁
20250	百炼精铁
20251	百炼精铁
20252	百炼精铁
20253	百炼精铁
20254	百炼精铁
20255	百炼精铁
20256	百炼精铁
20257	百炼精铁
20258	百炼精铁
20259	百炼精铁
20260	百炼精铁
20261	红缨枪
20262	曲尖枪
20263	锯齿矛
20264	乌金三叉戟
20265	火焰枪
20266	墨杆金钩
20267	玄铁矛
20268	金蛇信
20269	丈八点钢矛
20270	折扇
20271	铁骨扇
20272	精钢扇
20273	铁面扇
20274	百折扇
20275	劈水扇
20276	神火扇
20277	阴风扇
20278	风云雷电
20279	细木棒
20280	金丝魔棒
20281	玉如意
20282	点金棒
20283	云龙棒
20284	幽路引魂
20285	满天星
20286	水晶棒
20287	日月光华
20288	铁爪
20289	天狼爪
20290	幽冥鬼爪
20291	青龙牙
20292	勾魂爪
20293	玄冰刺
20294	青刚刺
20295	华光刺
20296	龙鳞刺
20297	青铜斧
20298	开山斧
20299	双面斧
20300	双弦钺
20301	精钢禅钺
20302	黄金钺
20303	乌金鬼头镰
20304	狂魔镰
20305	恶龙之齿
20306	松木锤
20307	镔铁锤
20308	八棱金瓜
20309	狼牙锤
20310	烈焰锤
20311	破甲战锤
20312	震天锤
20313	巨灵神锤
20314	天崩地裂
20315	黄铜圈
20316	精钢日月圈
20317	离情环
20318	金刺轮
20319	风火圈
20320	赤炎环
20321	蛇形月
20322	子母双月
20323	斜月狼牙
20324	五色缎带
20325	幻彩银纱
20326	金丝彩带
20327	无极丝
20328	天蚕丝带
20339	云龙绸带
20340	七彩罗刹
20341	缚神绫
20342	九天仙绫
20343	青铜短剑
20344	铁齿剑
20345	吴越剑
20346	青锋剑
20347	龙泉剑
20348	黄金剑
20349	游龙剑
20350	北斗七星剑
20351	碧玉剑
20352	柳叶刀
20353	苗刀
20354	夜魔弯刀
20355	金背大砍刀
20356	雁翅刀
20357	破天宝刀
20358	狼牙刀
20359	龙鳞宝刀
20360	黑炎魔刀
20361	双短剑
20362	镔铁双剑
20363	龙凤双剑
20364	竹节双剑
20365	狼牙双剑
20366	鱼骨双剑
20367	赤焰双剑
20368	墨玉双剑
20369	梅花双剑
20370	方巾
20371	布帽
20372	面具
20373	纶巾
20374	缨络丝带
20375	羊角盔
20376	水晶帽
20377	乾坤帽
20378	黑魔冠
20379	簪子
20380	玉钗
20381	梅花簪子
20382	珍珠头带
20383	凤头钗
20384	媚狐头盔
20385	玉女发冠
20386	魔女发冠
20387	七彩花环
20388	布衣
20389	皮衣
20390	鳞甲
20391	锁子甲
20392	紧身衣
20393	钢甲
20394	夜魔披风
20395	龙骨甲
20396	死亡斗篷
20397	布裙
20398	丝绸长裙
20399	五彩裙
20400	龙鳞羽衣
20401	天香披肩
20402	金缕羽衣
20403	霓裳羽衣
20404	流云素裙
20405	七宝天衣
20406	腰带
20407	缎带
20408	银腰带
20409	水晶腰带
20410	玉树腰带
20411	琥珀腰链
20412	白面狼牙
20413	乱牙咬
20414	魔童大牙
20415	攫魂铃
20416	双魂引
20417	兽王腰带
20418	百窜云
20419	八卦锻带
20420	圣王坠
20421	布鞋
20422	牛皮靴
20423	马靴
20424	侠客履
20425	神行靴
20426	绿靴
20427	追星踏月
20428	九州履
20429	万里追云履
20430	护身符
20431	五色飞石
20432	珍珠链
20433	骷髅吊坠
20434	苍魂珠
20435	江湖夜雨
20436	九宫坠
20437	荧光坠子
20438	高速之星
20439	风月宝链
20440	八卦坠
20441	碧水青龙
20442	鬼牙攫魂
20443	万里卷云
20444	疾风之铃
20445	红缨枪
20446	曲尖枪
20447	锯齿矛
20448	乌金三叉戟
20449	火焰枪
20450	墨杆金钩
20451	玄铁矛
20452	金蛇信
20453	丈八点钢矛
20454	折扇
20455	铁骨扇
20456	精钢扇
20457	铁面扇
20458	百折扇
20459	劈水扇
20460	神火扇
20461	阴风扇
20462	风云雷电
20463	细木棒
20464	金丝魔棒
20465	玉如意
20466	点金棒
20467	云龙棒
20468	幽路引魂
20469	满天星
20470	水晶棒
20471	日月光华
20472	铁爪
20473	天狼爪
20474	幽冥鬼爪
20475	青龙牙
20476	勾魂爪
20477	玄冰刺
20478	青刚刺
20479	华光刺
20480	龙鳞刺
20481	青铜斧
20482	开山斧
20483	双面斧
20484	双弦钺
20485	精钢禅钺
20486	黄金钺
20487	乌金鬼头镰
20488	狂魔镰
20489	恶龙之齿
20490	松木锤
20491	镔铁锤
20492	八棱金瓜
20493	狼牙锤
20494	烈焰锤
20495	破甲战锤
20496	震天锤
20497	巨灵神锤
20498	天崩地裂
20499	黄铜圈
20500	精钢日月圈
20501	离情环
20502	金刺轮
20503	风火圈
20504	赤炎环
20505	蛇形月
20506	子母双月
20507	斜月狼牙
20508	五色缎带
20509	幻彩银纱
20510	金丝彩带
20511	无极丝
20512	天蚕丝带
20513	云龙绸带
20514	七彩罗刹
20515	缚神绫
20516	九天仙绫
20517	青铜短剑
20518	铁齿剑
20519	吴越剑
20520	青锋剑
20521	龙泉剑
20522	黄金剑
20523	游龙剑
20524	北斗七星剑
20525	碧玉剑
20526	柳叶刀
20527	苗刀
20528	夜魔弯刀
20529	金背大砍刀
20530	雁翅刀
20531	破天宝刀
20532	狼牙刀
20533	龙鳞宝刀
20534	黑炎魔刀
20535	双短剑
20536	镔铁双剑
20537	龙凤双剑
20538	竹节双剑
20539	狼牙双剑
20540	鱼骨双剑
20541	赤焰双剑
20542	墨玉双剑
20543	梅花双剑
20544	方巾
20545	布帽
20546	面具
20547	纶巾
20548	缨络丝带
20549	羊角盔
20550	水晶帽
20551	乾坤帽
20552	黑魔冠
20553	簪子
20554	玉钗
20555	梅花簪子
20556	珍珠头带
20557	凤头钗
20558	媚狐头盔
20559	玉女发冠
20560	魔女发冠
20561	七彩花环
20562	布衣
20563	皮衣
20564	鳞甲
20565	锁子甲
20566	紧身衣
20567	钢甲
20568	夜魔披风
20569	龙骨甲
20570	死亡斗篷
20571	布裙
20572	丝绸长裙
20573	五彩裙
20574	龙鳞羽衣
20575	天香披肩
20576	金缕羽衣
20577	霓裳羽衣
20578	流云素裙
20579	七宝天衣
20580	腰带
20581	缎带
20582	银腰带
20583	水晶腰带
20584	玉树腰带
20585	琥珀腰链
20586	白面狼牙
20587	乱牙咬
20588	魔童大牙
20589	攫魂铃
20590	双魂引
20591	兽王腰带
20592	百窜云
20593	八卦锻带
20594	圣王坠
20595	布鞋
20596	牛皮靴
20597	马靴
20598	侠客履
20599	神行靴
20600	绿靴
20601	追星踏月
20602	九州履
20603	万里追云履
20604	护身符
20605	五色飞石
20606	珍珠链
20607	骷髅吊坠
20608	苍魂珠
20609	江湖夜雨
20610	九宫坠
20611	荧光坠子
20612	高速之星
20613	风月宝链
20614	八卦坠
20615	碧水青龙
20616	鬼牙攫魂
20617	万里卷云
20618	疾风之铃
20619	超级神兵图鉴
20620	超级防具图鉴
20621	超级灵宝图鉴
20754	强化百炼精铁
20755	强化百炼精铁
20756	强化百炼精铁
20757	强化百炼精铁
20758	强化百炼精铁
20759	强化百炼精铁
20760	强化百炼精铁
20761	百炼精铁
20762	强化百炼精铁
27535	天星灵饰
27536	天星灵饰
27537	天星灵饰
27538	天星灵饰
27539	天星灵饰
27540	天罡灵饰
27541	天罡灵饰
27542	天罡灵饰
27543	天罡灵饰
27544	天罡灵饰
27545	天阳灵饰
27546	天阳灵饰
27547	天阳灵饰
27548	天阳灵饰
27549	天阳灵饰
27550	天阳灵饰
27551	天阳灵饰
27552	天阳灵饰
27553	天阳灵饰
27554	天阳灵饰
27555	天阳灵饰
27556	天阳灵饰
27557	天阳灵饰
27558	天阳灵饰
27559	天阳灵饰
27560	天阳灵饰
27561	天阳灵饰
27562	天阳灵饰
27563	天阳灵饰
27564	天阳灵饰
27565	天星灵饰
27566	天星灵饰
27567	天星灵饰
27568	天星灵饰
27569	天星灵饰
27570	天罡灵饰
27571	天罡灵饰
27572	天罡灵饰
27573	天罡灵饰
27574	天罡灵饰
27575	天阳灵饰
27576	天阳灵饰
27577	天阳灵饰
27578	天阳灵饰
27579	天阳灵饰
27580	天阳灵饰
27581	天阳灵饰
27582	天阳灵饰
27583	天阳灵饰
27584	天阳灵饰
27585	天阳灵饰
27586	天阳灵饰
27587	天阳灵饰
27588	天阳灵饰
27589	天阳灵饰
27590	天阳灵饰
27591	天阳灵饰
27592	天阳灵饰
27593	天阳灵饰
27594	天阳灵饰
27595	天星灵饰
27596	天星灵饰
27597	天星灵饰
27598	天星灵饰
27599	天星灵饰
27600	天罡灵饰
27601	天罡灵饰
27602	天罡灵饰
27603	天罡灵饰
27604	天罡灵饰
27605	天阳灵饰
27606	天阳灵饰
27607	天阳灵饰
27608	天阳灵饰
27609	天阳灵饰
27610	天阳灵饰
27611	天阳灵饰
27612	天阳灵饰
27613	天阳灵饰
27614	天阳灵饰
27615	天阳灵饰
27616	天阳灵饰
27617	天阳灵饰
27618	天阳灵饰
27619	天阳灵饰
27620	天阳灵饰
27621	天阳灵饰
27622	天阳灵饰
27623	天阳灵饰
27624	天阳灵饰
27625	天星灵饰
27626	天星灵饰
27627	天星灵饰
27628	天星灵饰
27629	天星灵饰
27630	天罡灵饰
27631	天罡灵饰
27632	天罡灵饰
27633	天罡灵饰
27634	天罡灵饰
27635	天阳灵饰
27636	天阳灵饰
27637	天阳灵饰
27638	天阳灵饰
27639	天阳灵饰
27640	天阳灵饰
27641	天阳灵饰
27642	天阳灵饰
27643	天阳灵饰
27644	天阳灵饰
27645	天阳灵饰
27646	天阳灵饰
27647	天阳灵饰
27648	天阳灵饰
27649	天阳灵饰
27650	天阳灵饰
27651	天阳灵饰
27652	天阳灵饰
27653	天阳灵饰
27654	天阳灵饰
27655	天星灵饰
27656	天星灵饰
27657	天星灵饰
27658	天星灵饰
27659	天星灵饰
27660	天罡灵饰
27661	天罡灵饰
27662	天罡灵饰
27663	天罡灵饰
27664	天罡灵饰
27665	天阳灵饰
27666	天阳灵饰
27667	天阳灵饰
27668	天阳灵饰
27669	天阳灵饰
27670	天阳灵饰
27671	天阳灵饰
27672	天阳灵饰
27673	天阳灵饰
27674	天阳灵饰
27675	天阳灵饰
27676	天阳灵饰
27677	天阳灵饰
27678	天阳灵饰
27679	天阳灵饰
27680	天阳灵饰
27681	天阳灵饰
27682	天阳灵饰
27683	天阳灵饰
27684	天阳灵饰
27685	天星灵饰
27686	天星灵饰
27687	天星灵饰
27688	天星灵饰
27689	天星灵饰
27690	天罡灵饰
27691	天罡灵饰
27692	天罡灵饰
27693	天罡灵饰
27694	天罡灵饰
27695	天阳灵饰
27696	天阳灵饰
27697	天阳灵饰
27698	天阳灵饰
27699	天阳灵饰
27700	天阳灵饰
27701	天阳灵饰
27702	天阳灵饰
27703	天阳灵饰
27704	天阳灵饰
27705	天阳灵饰
27706	天阳灵饰
27707	天阳灵饰
27708	天阳灵饰
27709	天阳灵饰
27710	天阳灵饰
27711	天阳灵饰
27712	天阳灵饰
27713	天阳灵饰
27714	天阳灵饰
27715	天星灵饰
27716	天星灵饰
27717	天星灵饰
27718	天星灵饰
27719	天星灵饰
27720	天罡灵饰
27721	天罡灵饰
27722	天罡灵饰
27723	天罡灵饰
27724	天罡灵饰
27725	天阳灵饰
27726	天阳灵饰
27727	天阳灵饰
27728	天阳灵饰
27729	天阳灵饰
27730	天阳灵饰
27731	天阳灵饰
27732	天阳灵饰
27733	天阳灵饰
27734	天阳灵饰
27735	天阳灵饰
27736	天阳灵饰
27737	天阳灵饰
27738	天阳灵饰
27739	天阳灵饰
27740	天阳灵饰
27741	天阳灵饰
27742	天阳灵饰
27743	天阳灵饰
27744	天阳灵饰
27745	天星灵饰
27746	天星灵饰
27747	天星灵饰
27748	天星灵饰
27749	天星灵饰
27750	天罡灵饰
27751	天罡灵饰
27752	天罡灵饰
27753	天罡灵饰
27754	天罡灵饰
27755	天阳灵饰
27756	天阳灵饰
27757	天阳灵饰
27758	天阳灵饰
27759	天阳灵饰
27760	天阳灵饰
27761	天阳灵饰
27762	天阳灵饰
27763	天阳灵饰
27764	天阳灵饰
27765	天阳灵饰
27766	天阳灵饰
27767	天阳灵饰
27768	天阳灵饰
27769	天阳灵饰
27770	天阳灵饰
27771	天阳灵饰
27772	天阳灵饰
27773	天阳灵饰
27774	天阳灵饰
27775	天星灵饰
27776	天星灵饰
27777	天星灵饰
27778	天星灵饰
27779	天星灵饰
27780	天罡灵饰
27781	天罡灵饰
27782	天罡灵饰
27783	天罡灵饰
27784	天罡灵饰
27785	天阳灵饰
27786	天阳灵饰
27787	天阳灵饰
27788	天阳灵饰
27789	天阳灵饰
27790	天阳灵饰
27791	天阳灵饰
27792	天阳灵饰
27793	天阳灵饰
27794	天阳灵饰
27795	天阳灵饰
27796	天阳灵饰
27797	天阳灵饰
27798	天阳灵饰
27799	天阳灵饰
27800	天阳灵饰
27801	天阳灵饰
27802	天阳灵饰
27803	天阳灵饰
27804	天阳灵饰
27805	天星灵饰
27806	天星灵饰
27807	天星灵饰
27808	天星灵饰
27809	天星灵饰
27810	天罡灵饰
27811	天罡灵饰
27812	天罡灵饰
27813	天罡灵饰
27814	天罡灵饰
27815	天阳灵饰
27816	天阳灵饰
27817	天阳灵饰
27818	天阳灵饰
27819	天阳灵饰
27820	天阳灵饰
27821	天阳灵饰
27822	天阳灵饰
27823	天阳灵饰
27824	天阳灵饰
27825	天阳灵饰
27826	天阳灵饰
27827	天阳灵饰
27828	天阳灵饰
27829	天阳灵饰
27830	天阳灵饰
27831	天阳灵饰
27832	天阳灵饰
27833	天阳灵饰
27834	天阳灵饰
27835	天星灵饰
27836	天星灵饰
27837	天星灵饰
27838	天星灵饰
27839	天星灵饰
27840	天罡灵饰
27841	天罡灵饰
27842	天罡灵饰
27843	天罡灵饰
27844	天罡灵饰
27845	天阳灵饰
27846	天阳灵饰
27847	天阳灵饰
27848	天阳灵饰
27849	天阳灵饰
27850	天阳灵饰
27851	天阳灵饰
27852	天阳灵饰
27853	天阳灵饰
27854	天阳灵饰
27855	天阳灵饰
27856	天阳灵饰
27857	天阳灵饰
27858	天阳灵饰
27859	天阳灵饰
27860	天阳灵饰
27861	天阳灵饰
27862	天阳灵饰
27863	天阳灵饰
27864	天阳灵饰
27865	天星灵饰
27866	天星灵饰
27867	天星灵饰
27868	天星灵饰
27869	天星灵饰
27870	天罡灵饰
27871	天罡灵饰
27872	天罡灵饰
27873	天罡灵饰
27874	天罡灵饰
27875	天阳灵饰
27876	天阳灵饰
27877	天阳灵饰
27878	天阳灵饰
27879	天阳灵饰
27880	天阳灵饰
27881	天阳灵饰
27882	天阳灵饰
27883	天阳灵饰
27884	天阳灵饰
27885	天阳灵饰
27886	天阳灵饰
27887	天阳灵饰
27888	天阳灵饰
27889	天阳灵饰
27890	天阳灵饰
27891	天阳灵饰
27892	天阳灵饰
27893	天阳灵饰
27894	天阳灵饰
27895	天星灵饰
27896	天星灵饰
27897	天星灵饰
27898	天星灵饰
27899	天星灵饰
27900	天罡灵饰
27901	天罡灵饰
27902	天罡灵饰
27903	天罡灵饰
27904	天罡灵饰
27905	天阳灵饰
27906	天阳灵饰
27907	天阳灵饰
27908	天阳灵饰
27909	天阳灵饰
27910	天阳灵饰
27911	天阳灵饰
27912	天阳灵饰
27913	天阳灵饰
27914	天阳灵饰
27915	天阳灵饰
27916	天阳灵饰
27917	天阳灵饰
27918	天阳灵饰
27919	天阳灵饰
27920	天阳灵饰
27921	天阳灵饰
27922	天阳灵饰
27923	天阳灵饰
27924	天阳灵饰
27925	天星灵饰
27926	天星灵饰
27927	天星灵饰
27928	天星灵饰
27929	天星灵饰
27930	天罡灵饰
27931	天罡灵饰
27932	天罡灵饰
27933	天罡灵饰
27934	天罡灵饰
27935	天阳灵饰
27936	天阳灵饰
27937	天阳灵饰
27938	天阳灵饰
27939	天阳灵饰
27940	天阳灵饰
27941	天阳灵饰
27942	天阳灵饰
27943	天阳灵饰
27944	天阳灵饰
27945	天阳灵饰
27946	天阳灵饰
27947	天阳灵饰
27948	天阳灵饰
27949	天阳灵饰
27950	天阳灵饰
27951	天阳灵饰
27952	天阳灵饰
27953	天阳灵饰
27954	天阳灵饰
27955	天星灵饰
27956	天星灵饰
27957	天星灵饰
27958	天星灵饰
27959	天星灵饰
27960	天罡灵饰
27961	天罡灵饰
27962	天罡灵饰
27963	天罡灵饰
27964	天罡灵饰
27965	天阳灵饰
27966	天阳灵饰
27967	天阳灵饰
27968	天阳灵饰
27969	天阳灵饰
27970	天阳灵饰
27971	天阳灵饰
27972	天阳灵饰
27973	天阳灵饰
27974	天阳灵饰
27975	天阳灵饰
27976	天阳灵饰
27977	天阳灵饰
27978	天阳灵饰
27979	天阳灵饰
27980	天阳灵饰
27981	天阳灵饰
27982	天阳灵饰
27983	天阳灵饰
27984	天阳灵饰
29999	逃脱飞行符
30000	金柳露
30001	超级金柳露
30002	飞行符
30003	黄色导标旗
30004	蓝色导标旗
30005	绿色导标旗
30006	红色导标旗
30007	白色导标旗
30008	玫瑰花
30009	海马
30010	月华露
30011	康乃馨
30012	桃花
30013	兰花
30014	牡丹
30015	百合
30016	竖琴
30017	箫
30018	钹
30019	编钟
30020	木鱼
30021	琵琶
30022	唢呐
30023	笛子
30024	香
30025	黄纸
30026	蜡烛
40000	魔兽要诀
40001	魔兽要诀
40002	魔兽要诀
40003	魔兽要诀
40004	魔兽要诀
40005	魔兽要诀
40006	魔兽要诀
40007	魔兽要诀
40008	魔兽要诀
40009	魔兽要诀
40010	魔兽要诀
40011	魔兽要诀
40012	魔兽要诀
40013	魔兽要诀
40014	魔兽要诀
40015	魔兽要诀
40016	魔兽要诀
40017	魔兽要诀
40018	魔兽要诀
40019	魔兽要诀
40020	魔兽要诀
40021	魔兽要诀
40022	魔兽要诀
40023	魔兽要诀
40024	魔兽要诀
40025	魔兽要诀
40026	魔兽要诀
40027	魔兽要诀
40028	魔兽要诀
40029	魔兽要诀
40030	蓝色合成旗
40031	绿色合成旗
40032	红色合成旗
40033	黄色合成旗
40034	白色合成旗
40035	蓝色合成旗
40036	绿色合成旗
40037	红色合成旗
40038	黄色合成旗
40039	神兜兜
40040	摇钱树
40041	月华露
40042	月华露
40043	魔兽要诀
40044	魔兽要诀
40045	魔兽要诀
40046	魔兽要诀
40047	魔兽要诀
40048	魔兽要诀
40049	魔兽要诀
40050	魔兽要诀
40051	魔兽要诀
40052	魔兽要诀
40053	魔兽要诀
40054	魔兽要诀
40055	魔兽要诀
40056	魔兽要诀
50000	经验龟壳
50001	毛虫眼
50002	秘制红罗羹
50003	秘制绿罗羹
50004	秘制红罗羹
50005	秘制绿罗羹
50006	超级红罗羹
50007	超级绿罗羹
50008	秘制红罗羹
50009	秘制绿罗羹
50010	特制灵兽玉露
50011	特制灵兽玉露
51300	《雷绝阵》
51301	《虎翼阵》
51302	《鸟翔阵》
51304	《蛇蟠阵》
51305	《鹰啸阵》
51306	《天履阵》
51307	《地截阵》
51308	《龙飞阵》
51310	《风扬阵》
51311	《云垂阵》
51387	李代桃僵
51388	轮回重生
51389	斗转星移
51392	神力
51393	顽强
51394	神灵
51395	神速
51396	固守
51397	魔兽要诀
51398	魔兽要诀
51402	超级VIP月卡
51403	超级至尊VIP卡
51459	神·雷霆震怒
51460	神·惊心一剑
51461	神·善恶有报
51462	神·上古灵符
51463	武学秘籍
51464	武学秘籍
51465	武学：太极
51466	武学：立地成佛
51467	武学：九阳神功
51468	武学：狮子吼
51469	武学：一阳指
51470	武学：鹰击长空
51471	武学：八极
51472	武学：无量真劲
51473	武学：天罡霸气
51474	武学：凝神
51475	武学：独孤九剑
51476	神·剑锁影缠
51900	纯阳-战吼
51901	纯阳-狂怒
51902	纯阳-阴伤
51903	纯阳-沉岳
51904	纯阳-矫健
51905	纯阳-撞击
51906	炼气-灵身
51907	炼气-擅咒
51908	炼气-静岳
51909	炼气-深思
51910	炼气-慧心
51911	炼气-无畏
51912	炼气-圣洁
51913	聚元-灵光
51914	聚元-钢化
51915	聚元-坚甲
51916	聚元-迅敏
51917	聚元-愤恨
51918	玄石-玄武躯
51919	玄石-龙胄铠
51920	神脉-阴阳护
51921	神脉-凛冽气
51922	神脉-电魂闪
53006	地老鼠
53007	冲天炮
53008	仙女散花
53009	家好月圆
53010	满天花雨
53011	星星点灯
53012	四季平安
53013	风花雪月
53014	满天星
58000	120指南书宝盒
58001	130指南书宝盒
58002	140指南书宝盒
58003	超级装备盒子
59001	生命附魔符
59002	魔法附魔符
59003	攻击附魔符
59004	防御附魔符
59005	命中附魔符
59006	灵力附魔符
59007	体质附魔符
59008	魔力附魔符
59009	速度附魔符
60000	一级商票
60001	一级商票
60002	二级商票
60003	二级商票
60004	三级商票
60005	三级商票
60006	四级商票
60007	四级商票
60008	帮派资金
60009	帮派资金
60010	佛珠
60011	扇子
60012	武器
60013	首饰
60014	纸钱
60015	舍利子
60016	人参
60017	铜油
60018	铃铛
60019	面粉
60020	鹿茸
60021	符
60022	帽子
60023	酒
60024	蜡烛
60025	0级腰带制造书
60026	10级腰带制造书
60027	20级腰带制造书
60028	30级腰带制造书
60029	40级腰带制造书
60030	50级腰带制造书
60031	60级腰带制造书
60032	70级腰带制造书
60033	80级腰带制造书
60034	90级腰带制造书
60035	100级腰带制造书
60036	110级腰带制造书
60037	120级腰带制造书
60038	130级腰带制造书
60039	140级腰带制造书
60040	150级腰带制造书
60041	0级项链制造书
60042	10级项链制造书
60043	20级项链制造书
60044	30级项链制造书
60045	40级项链制造书
60046	50级项链制造书
60047	60级项链制造书
60048	70级项链制造书
60049	80级项链制造书
60050	90级项链制造书
60051	100级项链制造书
60052	110级项链制造书
60053	120级项链制造书
60054	130级项链制造书
60055	140级项链制造书
60056	150级项链制造书
60058	0级女衣制造书
60059	10级女衣制造书
60060	20级女衣制造书
60061	30级女衣制造书
60062	40级女衣制造书
60063	50级女衣制造书
60064	60级女衣制造书
60065	70级女衣制造书
60066	80级女衣制造书
60067	90级女衣制造书
60068	100级女衣制造书
60069	110级女衣制造书
60070	120级女衣制造书
60071	130级女衣制造书
60072	140级女衣制造书
60073	150级女衣制造书
60074	0级男头制造书
60075	10级男头制造书
60076	20级男头制造书
60077	30级男头制造书
60078	40级男头制造书
60079	50级男头制造书
60080	60级男头制造书
60081	70级男头制造书
60082	80级男头制造书
60083	90级男头制造书
60084	100级男头制造书
60085	110级男头制造书
60086	120级男头制造书
60087	130级男头制造书
60088	140级男头制造书
60089	150级男头制造书
60090	0级女头制造书
60091	10级女头制造书
60092	20级女头制造书
60093	30级女头制造书
60094	40级女头制造书
60095	50级女头制造书
60096	60级女头制造书
60097	70级女头制造书
60098	80级女头制造书
60099	90级女头制造书
60100	100级女头制造书
60101	110级女头制造书
60102	120级女头制造书
60103	130级女头制造书
60104	140级女头制造书
60105	150级女头制造书
60106	0级鞋子制造书
60107	10级鞋子制造书
60108	20级鞋子制造书
60109	30级鞋子制造书
60110	40级鞋子制造书
60111	50级鞋子制造书
60112	60级鞋子制造书
60113	70级鞋子制造书
60114	80级鞋子制造书
60115	90级鞋子制造书
60116	100级鞋子制造书
60117	110级鞋子制造书
60118	120级鞋子制造书
60119	130级鞋子制造书
60120	140级鞋子制造书
60121	150级鞋子制造书
60122	角色四倍经验丸
60123	召唤兽四倍经验丸
60124	角色四倍经验丸
60125	召唤兽四倍经验丸
60126	中国结
60127	眼睛
60128	鼻子
60129	大雪球
60130	小雪块
60131	小雪帽
60132	小传音
60133	大传音
60134	极乐之星
60135	极乐之星
60136	十步一杀
60137	十步一杀
60198	魔兽要诀
60199	魔兽要诀
60200	魔兽要诀
60201	魔兽要诀
60202	魔兽要诀
60203	魔兽要诀
60204	魔兽要诀
60205	魔兽要诀
60206	魔兽要诀
60207	魔兽要诀
60208	魔兽要诀
60209	魔兽要诀
60210	魔兽要诀
60211	魔兽要诀
60212	魔兽要诀
60213	魔兽要诀
60214	魔兽要诀
60215	魔兽要诀
60216	新手大礼包
60217	神奇葫芦
60218	包裹图谱
60219	修补符
60220	重铸符
60221	金柳露礼盒
60222	魔兽要诀宝盒
60223	百炼精铁宝盒
60224	帮贡双倍丹
60225	帮贡双倍丹
60226	帮贡三倍丹
60227	帮贡三倍丹
60228	忘情水
60229	忘情水
60230	制造指南书礼盒
60231	百炼精铁礼盒
60232	新手福利双倍丹
60233	飞速升级丹
60234	妖兽内丹
60235	干将莫邪
60261	灵饰鉴定符
60280	初级品质鉴定符
60281	中级品质鉴定符
60282	高级品质鉴定符
60283	初级品质鉴定符
60284	中级品质鉴定符
60285	高级品质鉴定符
60290	初级强化精华
60291	中级强化精华
60292	高级强化精华
60293	初级强化精华
60294	中级强化精华
60295	高级强化精华
60300	0级铠甲制造书
60301	10级铠甲制造书
60302	20级铠甲制造书
60303	30级铠甲制造书
60304	40级铠甲制造书
60305	50级铠甲制造书
60306	60级铠甲制造书
60307	70级铠甲制造书
60308	80级铠甲制造书
60309	90级铠甲制造书
60318	100级铠甲制造书
60311	110级铠甲制造书
60312	120级铠甲制造书
60313	130级铠甲制造书
60314	140级铠甲制造书
60315	150级铠甲制造书
60316	超级豆斋果
60317	超级豆斋果
60310	宝石镶嵌符
60320	宝石摘除符
60321	无暇熔炼石
60322	无暇熔炼石
60323	无暇熔炼石
60324	灵饰魂魄
60325	灵饰魂魄
60326	灵饰魂魄
60327	灵饰魂魄
60328	灵饰魂魄
60329	灵饰魂魄
60330	灵饰魂魄
60331	灵饰魂魄
60332	灵饰魂魄
60333	灵饰魂魄
60334	灵饰魂魄
60335	灵饰魂魄
60336	灵饰魂魄
60337	灵饰魂魄
60338	灵饰魂魄
60339	灵饰魂魄
60340	灵饰魂魄
60341	灵饰魂魄
60342	灵饰魂魄
60343	灵饰魂魄
60344	灵饰魂魄
60345	灵饰魂魄
60346	灵饰魂魄
60347	灵饰魂魄
60348	灵饰魂魄
60349	灵饰魂魄
60350	灵饰魂魄
60351	灵饰魂魄
60352	灵饰魂魄
60353	灵饰魂魄
60354	灵饰魂魄
60355	灵饰魂魄
60356	灵饰魂魄
60357	灵饰魂魄
60358	灵饰魂魄
60359	灵饰魂魄
60360	灵饰魂魄
60361	灵饰魂魄
60362	灵饰魂魄
60363	灵饰魂魄
60364	灵饰魂魄
60365	灵饰魂魄
60366	灵饰魂魄
60367	灵饰魂魄
60368	灵饰魂魄
60369	灵饰魂魄
60370	灵饰魂魄
60371	灵饰魂魄
60372	灵饰魂魄
60373	灵饰魂魄
60374	灵饰魂魄
60375	灵饰魂魄
60376	灵饰魂魄
60377	灵饰魂魄
60378	灵饰魂魄
60379	灵饰魂魄
60380	灵饰魂魄
60381	灵饰魂魄
60382	灵饰魂魄
60383	灵饰魂魄
60384	灵饰魂魄
60385	灵饰魂魄
60386	灵饰魂魄
60387	灵饰魂魄
60388	灵饰魂魄
60389	灵饰魂魄
60390	灵饰魂魄
60391	灵饰魂魄
60392	灵饰魂魄
60393	灵饰魂魄
60394	灵饰魂魄
60395	灵饰魂魄
60396	灵饰魂魄
60397	灵饰魂魄
60398	灵饰魂魄
60399	灵饰魂魄
60500	灵饰魂魄
60501	灵饰魂魄
60502	灵饰魂魄
60503	灵饰魂魄
60504	灵饰魂魄
60505	灵饰魂魄
60506	灵饰魂魄
60507	灵饰魂魄
60508	灵饰魂魄
60509	灵饰魂魄
60510	灵饰魂魄
60511	灵饰魂魄
60512	灵饰魂魄
60513	灵饰魂魄
83100	吴氏断魂一阶火盔
83101	吴氏断魂一阶凤冕
83102	吴氏断魂一阶气甲
83103	吴氏断魂一阶月衣
83104	吴氏断魂一阶芒带
83105	吴氏断魂一阶光履
83106	吴氏断魂一阶星坠
83200	吴氏断魂二阶火盔
83201	吴氏断魂二阶凤冕
83202	吴氏断魂二阶气甲
83203	吴氏断魂二阶月衣
83204	吴氏断魂二阶芒带
83205	吴氏断魂二阶光履
83206	吴氏断魂二阶星坠
83300	吴氏断魂三阶火盔
83301	吴氏断魂三阶凤冕
83302	吴氏断魂三阶气甲
83303	吴氏断魂三阶月衣
83304	吴氏断魂三阶芒带
83305	吴氏断魂三阶光履
83306	吴氏断魂三阶星坠
83400	吴氏断魂四阶火盔
83401	吴氏断魂四阶凤冕
83402	吴氏断魂四阶气甲
83403	吴氏断魂四阶月衣
83404	吴氏断魂四阶芒带
83405	吴氏断魂四阶光履
83406	吴氏断魂四阶星坠
83500	吴氏断魂五阶火盔
83501	吴氏断魂五阶凤冕
83502	吴氏断魂五阶气甲
83503	吴氏断魂五阶月衣
83504	吴氏断魂五阶芒带
83505	吴氏断魂五阶光履
83506	吴氏断魂五阶星坠
60549	灵饰魂魄
60550	灵饰魂魄
60551	灵饰魂魄
60552	灵饰魂魄
60553	灵饰魂魄
60554	灵饰魂魄
60555	灵饰魂魄
60556	灵饰魂魄
60557	灵饰魂魄
60558	灵饰魂魄
60559	灵饰魂魄
60560	灵饰魂魄
60561	灵饰魂魄
60562	灵饰魂魄
60563	灵饰魂魄
60564	灵饰魂魄
60565	灵饰魂魄
60566	灵饰魂魄
60567	灵饰魂魄
60568	灵饰魂魄
60569	灵饰魂魄
60570	灵饰魂魄
60571	灵饰魂魄
60572	灵饰魂魄
60573	灵饰魂魄
60574	灵饰魂魄
60575	灵饰魂魄
60576	灵饰魂魄
60577	灵饰魂魄
60578	灵饰魂魄
60579	灵饰魂魄
60580	灵饰魂魄
60581	灵饰魂魄
60582	灵饰魂魄
60583	灵饰魂魄
60584	灵饰魂魄
60585	灵饰魂魄
60586	灵饰魂魄
60587	灵饰魂魄
60588	灵饰魂魄
60589	灵饰魂魄
60590	灵饰魂魄
60591	灵饰魂魄
60592	灵饰魂魄
60593	灵饰魂魄
60594	灵饰魂魄
60595	灵饰魂魄
60596	灵饰魂魄
60597	灵饰魂魄
60598	灵饰魂魄
60599	灵饰魂魄
60600	灵饰魂魄
60601	灵饰魂魄
60602	灵饰魂魄
60603	灵饰魂魄
60401	一级太阳石
60402	二级太阳石
60403	三级太阳石
60404	四级太阳石
60405	五级太阳石
60406	六级太阳石
60407	七级太阳石
60408	八级太阳石
60409	九级太阳石
60410	十级太阳石
60411	一级月亮石
60412	二级月亮石
60413	三级月亮石
60414	四级月亮石
60415	五级月亮石
60416	六级月亮石
60417	七级月亮石
60418	八级月亮石
60419	九级月亮石
60420	十级月亮石
60421	一级玛瑙石
60422	二级玛瑙石
60423	三级玛瑙石
60424	四级玛瑙石
60425	五级玛瑙石
60426	六级玛瑙石
60427	七级玛瑙石
60428	八级玛瑙石
60429	九级玛瑙石
60430	十级玛瑙石
60431	一级神秘石
60432	二级神秘石
60433	三级神秘石
60434	四级神秘石
60435	五级神秘石
60436	六级神秘石
60437	七级神秘石
60438	八级神秘石
60439	九级神秘石
60440	十级神秘石
60441	一级舍利子
60442	二级舍利子
60443	三级舍利子
60444	四级舍利子
60445	五级舍利子
60446	六级舍利子
60447	七级舍利子
60448	八级舍利子
60449	九级舍利子
60450	十级舍利子
60451	一级黑宝石
60452	二级黑宝石
60453	三级黑宝石
60454	四级黑宝石
60455	五级黑宝石
60456	六级黑宝石
60457	七级黑宝石
60458	八级黑宝石
60459	九级黑宝石
60460	十级黑宝石
60461	一级光芒石
60462	二级光芒石
60463	三级光芒石
60464	四级光芒石
60465	五级光芒石
60466	六级光芒石
60467	七级光芒石
60468	八级光芒石
60469	九级光芒石
60470	十级光芒石
60471	一级蓝宝石
60472	二级蓝宝石
60473	三级蓝宝石
60474	四级蓝宝石
60475	五级蓝宝石
60476	六级蓝宝石
60477	七级蓝宝石
60478	八级蓝宝石
60479	九级蓝宝石
60480	十级蓝宝石
60711	一级强化太阳石
60712	二级强化太阳石
60713	三级强化太阳石
60714	四级强化太阳石
60715	五级强化太阳石
60716	六级强化太阳石
60717	七级强化太阳石
60718	八级强化太阳石
60719	九级强化太阳石
60720	十级强化太阳石
60721	一级强化月亮石
60722	二级强化月亮石
60723	三级强化月亮石
60724	四级强化月亮石
60725	五级强化月亮石
60726	六级强化月亮石
60727	七级强化月亮石
60728	八级强化月亮石
60729	九级强化月亮石
60730	十级强化月亮石
60731	一级强化玛瑙石
60732	二级强化玛瑙石
60733	三级强化玛瑙石
60734	四级强化玛瑙石
60735	五级强化玛瑙石
60736	六级强化玛瑙石
60737	七级强化玛瑙石
60738	八级强化玛瑙石
60739	九级强化玛瑙石
60740	十级强化玛瑙石
60741	一级强化神秘石
60742	二级强化神秘石
60743	三级强化神秘石
60744	四级强化神秘石
60745	五级强化神秘石
60746	六级强化神秘石
60747	七级强化神秘石
60748	八级强化神秘石
60749	九级强化神秘石
60750	十级强化神秘石
60751	一级强化舍利子
60752	二级强化舍利子
60753	三级强化舍利子
60754	四级强化舍利子
60755	五级强化舍利子
60756	六级强化舍利子
60757	七级强化舍利子
60758	八级强化舍利子
60759	九级强化舍利子
60760	十级强化舍利子
60761	一级强化黑宝石
60762	二级强化黑宝石
60763	三级强化黑宝石
60764	四级强化黑宝石
60765	五级强化黑宝石
60766	六级强化黑宝石
60767	七级强化黑宝石
60768	八级强化黑宝石
60769	九级强化黑宝石
60770	十级强化黑宝石
60771	一级强化光芒石
60772	二级强化光芒石
60773	三级强化光芒石
60774	四级强化光芒石
60775	五级强化光芒石
60776	六级强化光芒石
60777	七级强化光芒石
60778	八级强化光芒石
60779	九级强化光芒石
60780	十级强化光芒石
60781	一级强化蓝宝石
60782	二级强化蓝宝石
60783	三级强化蓝宝石
60784	四级强化蓝宝石
60785	五级强化蓝宝石
60786	六级强化蓝宝石
60787	七级强化蓝宝石
60788	八级强化蓝宝石
60789	九级强化蓝宝石
60790	十级强化蓝宝石
60801	一级无瑕太阳石
60802	二级无瑕太阳石
60803	三级无瑕太阳石
60804	四级无瑕太阳石
60805	五级无瑕太阳石
60806	六级无瑕太阳石
60807	七级无瑕太阳石
60808	八级无瑕太阳石
60809	九级无瑕太阳石
60810	十级无瑕太阳石
60811	一级无瑕月亮石
60812	二级无瑕月亮石
60813	三级无瑕月亮石
60814	四级无瑕月亮石
60815	五级无瑕月亮石
60816	六级无瑕月亮石
60817	七级无瑕月亮石
60818	八级无瑕月亮石
60819	九级无瑕月亮石
60820	十级无瑕月亮石
60821	一级无瑕玛瑙石
60822	二级无瑕玛瑙石
60823	三级无瑕玛瑙石
60824	四级无瑕玛瑙石
60825	五级无瑕玛瑙石
60826	六级无瑕玛瑙石
60827	七级无瑕玛瑙石
60828	八级无瑕玛瑙石
60829	九级无瑕玛瑙石
60830	十级无瑕玛瑙石
60831	一级无瑕神秘石
60832	二级无瑕神秘石
60833	三级无瑕神秘石
60834	四级无瑕神秘石
60835	五级无瑕神秘石
60836	六级无瑕神秘石
60837	七级无瑕神秘石
60838	八级无瑕神秘石
60839	九级无瑕神秘石
60840	十级无瑕神秘石
60841	一级无瑕舍利子
60842	二级无瑕舍利子
60843	三级无瑕舍利子
60844	四级无瑕舍利子
60845	五级无瑕舍利子
60846	六级无瑕舍利子
60847	七级无瑕舍利子
60848	八级无瑕舍利子
60849	九级无瑕舍利子
60850	十级无瑕舍利子
60851	一级无瑕黑宝石
60852	二级无瑕黑宝石
60853	三级无瑕黑宝石
60854	四级无瑕黑宝石
60855	五级无瑕黑宝石
60856	六级无瑕黑宝石
60857	七级无瑕黑宝石
60858	八级无瑕黑宝石
60859	九级无瑕黑宝石
60860	十级无瑕黑宝石
60861	一级无瑕光芒石
60862	二级无瑕光芒石
60863	三级无瑕光芒石
60864	四级无瑕光芒石
60865	五级无瑕光芒石
60866	六级无瑕光芒石
60867	七级无瑕光芒石
60868	八级无瑕光芒石
60869	九级无瑕光芒石
60870	十级无瑕光芒石
60871	一级无瑕蓝宝石
60872	二级无瑕蓝宝石
60873	三级无瑕蓝宝石
60874	四级无瑕蓝宝石
60875	五级无瑕蓝宝石
60876	六级无瑕蓝宝石
60877	七级无瑕蓝宝石
60878	八级无瑕蓝宝石
60879	九级无瑕蓝宝石
60880	十级无瑕蓝宝石
60900	纯阳·二级灵丹
60901	纯阳·三级灵丹
60902	纯阳·四级灵丹
60903	纯阳·五级灵丹
60904	炼气·二级灵丹
60905	炼气·三级灵丹
60906	炼气·四级灵丹
60907	炼气·五级灵丹
60908	聚元·二级灵丹
60909	聚元·三级灵丹
60910	聚元·四级灵丹
60911	聚元·五级灵丹
60912	玄石·二级灵丹
60913	玄石·三级灵丹
60914	玄石·四级灵丹
60915	玄石·五级灵丹
60916	神脉·二级灵丹
60917	神脉·三级灵丹
60918	神脉·四级灵丹
60919	神脉·五级灵丹
60920	纯阳·二级灵丹
60921	纯阳·三级灵丹
60922	纯阳·四级灵丹
60923	纯阳·五级灵丹
60924	炼气·二级灵丹
60925	炼气·三级灵丹
60926	炼气·四级灵丹
60927	炼气·五级灵丹
60928	聚元·二级灵丹
60929	聚元·三级灵丹
60930	聚元·四级灵丹
60931	聚元·五级灵丹
60932	玄石·二级灵丹
60933	玄石·三级灵丹
60934	玄石·四级灵丹
60935	玄石·五级灵丹
60936	神脉·二级灵丹
60937	神脉·三级灵丹
60938	神脉·四级灵丹
60939	神脉·五级灵丹
60940	暗夜
60941	暗夜
60942	暗夜
60943	梨花
60944	梨花
60945	梨花
60946	霹雳
60947	霹雳
60948	霹雳
60949	刑天之逆
60950	刑天之逆
60951	刑天之逆
60952	五虎断魂
60953	五虎断魂
60954	五虎断魂
60955	飞龙在天
60956	飞龙在天
60957	飞龙在天
60958	太极
60959	太极
60960	太极
60961	玉龙
60962	玉龙
60963	玉龙
60964	秋风
60965	秋风
60966	秋风
60967	画龙点睛
60968	画龙点睛
60969	画龙点睛
60970	秋水人家
60971	秋水人家
60972	秋水人家
60973	逍遥江湖
60974	逍遥江湖
60975	逍遥江湖
60976	盘龙
60977	盘龙
60978	盘龙
60979	降魔玉杵
60980	降魔玉杵
60981	降魔玉杵
60982	青藤玉树
60983	青藤玉树
60984	青藤玉树
60985	墨玉骷髅
60986	墨玉骷髅
60987	墨玉骷髅
60988	撕天
60989	撕天
60990	撕天
60991	毒牙
60992	毒牙
60993	毒牙
60994	胭脂
60995	胭脂
60996	胭脂
60997	九阴勾魂
60998	九阴勾魂
60999	九阴勾魂
61012	人参果
61013	人参果
61014	人参果
61015	人参果
61016	人参果
61026	命中资质丹
61027	闪避资质丹
61028	灵力资质丹
61029	速度资质丹
61030	体质资质丹
61031	魔力资质丹
61032	攻击资质丹
61033	防御资质丹
61036	如意丹
61037	如意丹
61038	如意丹
61039	如意丹
61040	如意丹
61041	金丹
61042	银丹
61043	铁砂丹
61044	低级经验丹
61045	高级经验丹
61046	铁砂丹
61047	新手礼包
61100	雪蚕之刺
61101	雪蚕之刺
61102	雪蚕之刺
61103	贵霜之牙
61104	贵霜之牙
61105	贵霜之牙
61106	破魄
61107	破魄
61108	破魄
61109	肃魂
61110	肃魂
61111	肃魂
61112	无敌
61113	无敌
61114	无敌
61115	五丁开山
61116	五丁开山
61117	五丁开山
61118	元神禁锢
61119	元神禁锢
61120	元神禁锢
61121	护法灭魔
61122	护法灭魔
61123	护法灭魔
61124	八卦
61125	八卦
61126	八卦
61127	鬼牙
61128	鬼牙
61129	鬼牙
61130	雷神
61131	雷神
61132	雷神
61133	混元金锤
61134	混元金锤
61135	混元金锤
61136	九瓣莲花
61377	九瓣莲花
61138	九瓣莲花
61139	鬼王蚀日
61140	鬼王蚀日
61141	鬼王蚀日
61142	如意
61143	如意
61144	如意
61145	乾坤
61146	乾坤
61147	乾坤
61148	月光
61149	月光
61150	月光
61151	别情离恨
61152	别情离恨
61153	别情离恨
61154	金玉双环
61155	金玉双环
61156	金玉双环
61157	彩虹
61158	彩虹
61159	彩虹
61160	流云
61161	流云
61162	流云
61163	碧波
61164	碧波
61165	碧波
61166	秋水落霞
61167	秋水落霞
61168	秋水落霞
61169	晃金仙绳
61170	晃金仙绳
61171	晃金仙绳
61172	此最相思
61173	此最相思
61174	此最相思
61175	鱼肠
61176	鱼肠
61177	鱼肠
61178	倚天
61179	倚天
61180	倚天
61181	湛卢
61182	湛卢
61183	湛卢
61184	魏武青虹
61185	魏武青虹
61186	魏武青虹
61187	灵犀神剑
61188	灵犀神剑
61189	灵犀神剑
61190	四法青云
61191	四法青云
61192	四法青云
61193	冷月
61194	冷月
61195	冷月
61196	屠龙
61197	屠龙
61198	屠龙
61199	血刃
61200	血刃
61201	血刃
61202	偃月青龙
61203	偃月青龙
61204	偃月青龙
61205	晓风残月
61206	晓风残月
61207	晓风残月
61208	斩妖泣血
61209	斩妖泣血
61210	斩妖泣血
61211	阴阳
61212	阴阳
61213	阴阳
61214	月光
61215	月光
61216	月光
61217	灵蛇
61218	灵蛇
61219	灵蛇
61220	金龙双剪
61221	金龙双剪
61222	金龙双剪
61223	连理双树
61224	连理双树
61225	连理双树
61226	节日大礼包
61227	白玉龙冠
61228	水晶夔帽
61229	翡翠曜冠
61230	金丝黑玉冠
61231	白玉琉璃冠
61232	兽鬼珐琅面
61233	紫金磐龙冠
61234	凤翅金翎
61235	寒雉霜蚕
61236	曜月嵌星
61237	郁金流苏簪
61238	玉翼附蝉翎
61239	鸾羽九凤冠
61240	金珰紫焰冠
61241	神谕披风
61242	珊瑚玉衣
61243	金蚕披风
61244	乾坤护心甲
61245	蝉翼金丝甲
61246	金丝鱼鳞甲
61247	紫金磐龙甲
61248	飞天羽衣
61249	穰花翠裙
61250	金蚕丝裙
61251	紫香金乌裙
61252	碧霞彩云衣
61253	金丝蝉翼衫
61254	五彩凤翅衣
61255	幻彩玉带
61256	珠翠玉环
61257	金蟾含珠
61258	乾坤紫玉带
61259	琉璃寒玉带
61260	蝉翼鱼佩带
61261	磐龙凤翔带
61262	踏雪无痕
61263	平步青云
61264	追云逐电
61265	乾坤天罡履
61266	七星逐月靴
61267	碧霞流云履
61268	金丝逐日履
61269	七彩玲珑
61270	黄玉琉佩
61271	鸾飞凤舞
61272	衔珠金凤佩
61273	七璜珠玉佩
61274	鎏金点翠佩
61275	紫金碧玺佩
61276	蓝色合成旗
61277	绿色合成旗
61278	红色合成旗
61279	黄色合成旗
61280	杂物箱
61281	召唤箱
61282	江湖行
61300	欢庆开服
62000	刑天之逆
62001	五虎断魂
62003	飞龙在天
62004	画龙点睛
62005	秋水人家
62006	逍遥江湖
62007	降魔玉杵
62008	青藤玉树
62009	墨玉骷髅
62010	九阴勾魂
62011	雪蚕之刺
62012	贵霜之牙
62013	五丁开山
62014	元神禁锢
62015	护法灭魔
62016	混元金锤
62017	九瓣莲花
62018	鬼王蚀日
62019	别情离恨
62020	金玉双环
62021	秋水落霞
62022	晃金仙绳
62023	此最相思
62024	魏武青虹
62025	灵犀神剑
62026	四法青云
62027	偃月青龙
62028	晓风残月
62029	斩妖泣血
62030	金龙双剪
62031	连理双树
62032	九天金线
62033	祖龙对剑
63000	水晶帽
63001	乾坤帽
63002	黑魔冠
63003	白玉龙冠
63004	水晶夔帽
63005	翡翠曜冠
63006	金丝黑玉冠
63007	白玉琉璃冠
63008	兽鬼珐琅面
63009	紫金磐龙冠
63010	夜魔披风
63011	龙骨甲
63012	死亡斗篷
63013	神谕披风
63014	珊瑚玉衣
63015	金蚕披风
63016	乾坤护心甲
63017	蝉翼金丝甲
63018	金丝鱼鳞甲
63019	紫金磐龙甲
63020	攫魂铃
63021	双魂引
63022	兽王腰带
63021	百窜云
63022	八卦锻带
63023	圣王坠
63024	幻彩玉带
63025	珠翠玉环
63026	金蟾含珠
63027	乾坤紫玉带
63028	琉璃寒玉带
63029	蝉翼鱼佩带
63030	磐龙凤翔带
63031	追星踏月
63032	九州履
63033	万里追云履
63034	踏雪无痕
63035	平步青云
63036	追云逐电
63037	乾坤天罡履
63038	七星逐月靴
63039	碧霞流云履
63040	金丝逐日履
63041	风月宝链
63042	八卦坠
63043	碧水青龙
63044	鬼牙攫魂
63045	万里卷云
63046	疾风之铃
63047	七彩玲珑
63048	黄玉琉佩
63049	鸾飞凤舞
63050	衔珠金凤佩
63051	七璜珠玉佩
63052	鎏金点翠佩
63053	紫金碧玺佩
63054	追星踏月
63055	追星踏月
63056	追星踏月
63057	追星踏月（佛法）
63058	追星踏月（佛法）
63059	追星踏月
63061	追星踏月
63062	追星踏月
63063	追星踏月（仁德）
63064	追星踏月（仁德）
63065	追星踏月（法象）
63066	追星踏月（法象）
63060	高级兽决宝盒
64000	制造指南书
64001	制造指南书
64002	制造指南书
64003	制造指南书
64004	制造指南书
64005	制造指南书
64006	制造指南书
64007	制造指南书
64008	制造指南书
64009	制造指南书
64010	制造指南书
66028	替身娃娃
67000	并蒂莲
67001	喜糖
67002	忘情水
67003	结婚手册
67100	房契
67101	房契
67102	房契
67103	房契
67104	房契
79032	雪块
80000	幻境内丹
80018	初级装备解绑符
80019	中级装备解绑符
80020	高级装备解绑符
80021	九天金线
80022	九天金线
80023	九天金线
80024	祖龙对剑
80025	祖龙对剑
80026	祖龙对剑
80027	九天金线
80028	九天金线
80029	九天金线
80030	祖龙对剑
80031	祖龙对剑
80032	祖龙对剑
80053	修炼丹
80054	修炼丹
80055	离线摆摊卡
80056	彩果
80057	银两5000W
80058	金锭
80059	金锭
80060	金锭
80061	金锭
80062	金锭
80063	金锭
80064	金锭
80065	金锭
80066	银两1000W
80067	金锭
80068	金锭
80069	金锭
80070	金锭
80071	储备500W
80072	金锭
80073	金锭
80074	金锭
80075	金锭
80076	金锭
80077	吸附石
80078	吸附石
80079	吸附石
80080	吸附石
80081	吸附石
80082	吸附石
80083	吸附石
80084	修炼果
80085	幻境内丹
80086	二药大礼包
80087	荷灯
80088	鬼将护卫令
80089	吸血鬼护卫令
80090	大力金刚护卫令
80091	抽奖券
80092	仙境入门券
80094	龙太子(白)
80095	龙太子(黑)
80096	龙太子(红)
80097	龙太子(绿)
80098	剑侠客(白)
80099	剑侠客(黑)
80100	剑侠客(黄)
80101	剑侠客(粉)
80102	虎头怪(白)
80103	虎头怪(绿)
80104	虎头怪(墨绿)
80105	虎头怪(浅白)
80106	虎头怪定制染色
80107	虎头怪定制染色
80108	剑侠客定制染色
80109	龙太子定制染色
80110	龙太子定制染色
80111	龙太子定制染色
80112	虎头怪定制染色
80153	剑侠客定制染色
80154	剑侠客定制染色
80157	龙太子定制染色
80161	虎头怪定制染色
80162	虎头怪定制染色
80170	百年妖魔内丹
80171	千年妖魔内丹
80172	万年妖魔内丹
80500	1级法宝-龙鳞
80501	1级法宝-迷魂灯
80502	1级法宝-定风珠
80503	1级法宝-雷兽
80504	1级法宝-慈悲
80505	1级法宝-附灵玉
80506	1级法宝-干将
80507	1级法宝-金甲仙衣
80508	1级法宝-赤焰
80509	1级法宝-九幽
80510	1级法宝-救命猴毛
80511	1级法宝-流影云笛
80512	1级法宝-兽王令
80513	1级法宝-金瓶梅
80600	2级法宝-龙鳞
80601	2级法宝-迷魂灯
80602	2级法宝-定风珠
80603	2级法宝-雷兽
80604	2级法宝-慈悲
80605	2级法宝-附灵玉
80606	2级法宝-干将
80607	2级法宝-金甲仙衣
80608	2级法宝-赤焰
80609	2级法宝-九幽
80610	2级法宝-救命猴毛
80611	2级法宝-流影云笛
80612	2级法宝-兽王令
80613	2级法宝-金瓶梅
80666	点化石
80700	法宝设计图纸
80701	赤火金精
80702	火凤羽
80800	3级法宝-龙鳞
80801	3级法宝-迷魂灯
80802	3级法宝-定风珠
80803	3级法宝-雷兽
80804	3级法宝-慈悲
80805	3级法宝-附灵玉
80806	3级法宝-干将
80807	3级法宝-金甲仙衣
80808	3级法宝-赤焰
80809	3级法宝-九幽
80810	3级法宝-救命猴毛
80811	3级法宝-流影云笛
80812	3级法宝-兽王令
80813	3级法宝-金瓶梅
80850	符文夹
81001	宝宝归元符
90000	暗夜
90001	暗夜
90002	暗夜
90003	梨花
90004	梨花
90005	梨花
90006	霹雳
90007	霹雳
90008	霹雳
90009	刑天之逆
90010	刑天之逆
90011	刑天之逆
90012	五虎断魂
90013	五虎断魂
90014	五虎断魂
90015	飞龙在天
90016	飞龙在天
90017	飞龙在天
90018	太极
90019	太极
90020	太极
90021	玉龙
90022	玉龙
90023	玉龙
90024	秋风
90025	秋风
90026	秋风
90027	画龙点睛
90028	画龙点睛
90029	画龙点睛
90030	秋水人家
90031	秋水人家
90032	秋水人家
90033	逍遥江湖
90034	逍遥江湖
90035	逍遥江湖
90036	沧海
90037	沧海
90038	沧海
90039	红莲
90040	红莲
90041	红莲
90042	盘龙
90043	盘龙
90044	盘龙
90045	降魔玉杵
90046	降魔玉杵
90047	降魔玉杵
90048	青藤玉树
90049	青藤玉树
90050	青藤玉树
90051	墨玉骷髅
90052	墨玉骷髅
90053	墨玉骷髅
90054	撕天
90055	撕天
90056	撕天
90057	毒牙
90058	毒牙
90059	毒牙
90060	胭脂
90061	胭脂
90062	胭脂
90063	九阴勾魂
90064	九阴勾魂
90065	九阴勾魂
90066	雪蚕之刺
90067	雪蚕之刺
90068	雪蚕之刺
90069	贵霜之牙
90070	贵霜之牙
90071	贵霜之牙
90072	破魄
90073	破魄
90074	破魄
90075	肃魂
90076	肃魂
90077	肃魂
90078	无敌
90079	无敌
90080	无敌
90081	五丁开山
90082	五丁开山
90083	五丁开山
90084	元神禁锢
90085	元神禁锢
90086	元神禁锢
90087	护法灭魔
90088	护法灭魔
90089	护法灭魔
90090	八卦
90091	八卦
90092	八卦
90093	鬼牙
90094	鬼牙
90095	鬼牙
90096	雷神
90097	雷神
90098	雷神
90099	混元金锤
90100	混元金锤
90101	混元金锤
90102	九瓣莲花
90103	九瓣莲花
90104	九瓣莲花
90105	鬼王蚀日
90106	鬼王蚀日
90107	鬼王蚀日
90108	如意
90109	如意
90110	如意
90111	乾坤
90112	乾坤
90113	乾坤
90114	月光
90115	月光
90116	月光
90117	别情离恨
90118	别情离恨
90119	别情离恨
90120	金玉双环
90121	金玉双环
90122	金玉双环
90123	彩虹
90124	彩虹
90125	彩虹
90126	流云
90127	流云
90128	流云
90129	碧波
90130	碧波
90131	碧波
90132	秋水落霞
90133	秋水落霞
90134	秋水落霞
90135	晃金仙绳
90136	晃金仙绳
90137	晃金仙绳
90138	此最相思
90139	此最相思
90140	此最相思
90141	鱼肠
90142	鱼肠
90143	鱼肠
90144	倚天
90145	倚天
90146	倚天
90147	湛卢
90148	湛卢
90149	湛卢
90150	魏武青虹
90151	魏武青虹
90152	魏武青虹
90153	灵犀神剑
90154	灵犀神剑
90155	灵犀神剑
90156	四法青云
90157	四法青云
90158	四法青云
90159	冷月
90160	冷月
90161	冷月
90162	屠龙
90163	屠龙
90164	屠龙
90165	血刃
90166	血刃
90167	血刃
90168	偃月青龙
90169	偃月青龙
90170	偃月青龙
90171	晓风残月
90172	晓风残月
90173	晓风残月
90174	斩妖泣血
90175	斩妖泣血
90176	斩妖泣血
90177	阴阳
90178	阴阳
90179	阴阳
90180	月光
90181	月光
90182	月光
90183	灵蛇
90184	灵蛇
90185	灵蛇
90186	金龙双剪
90187	金龙双剪
90188	金龙双剪
90189	连理双树
90190	连理双树
90191	连理双树
90192	白玉龙冠
90193	水晶夔帽
90194	翡翠曜冠
90195	金丝黑玉冠
90196	白玉琉璃冠
90197	兽鬼珐琅面
90198	紫金磐龙冠
90199	凤翅金翎
90200	寒雉霜蚕
90201	曜月嵌星
90202	郁金流苏簪
90203	玉翼附蝉翎
90204	鸾羽九凤冠
90205	金珰紫焰冠
90206	神谕披风
90207	珊瑚玉衣
90208	金蚕披风
90209	乾坤护心甲
90210	蝉翼金丝甲
90211	金丝鱼鳞甲
90212	紫金磐龙甲
90213	飞天羽衣
90214	穰花翠裙
90215	金蚕丝裙
90216	紫香金乌裙
90217	碧霞彩云衣
90218	金丝蝉翼衫
90219	五彩凤翅衣
90220	幻彩玉带
90221	珠翠玉环
90222	金蟾含珠
90223	乾坤紫玉带
90224	琉璃寒玉带
90225	蝉翼鱼佩带
90226	磐龙凤翔带
90227	踏雪无痕
90228	平步青云
90229	追云逐电
90230	乾坤天罡履
90231	七星逐月靴
90232	碧霞流云履
90233	金丝逐日履
90234	七彩玲珑
90235	黄玉琉佩
90236	鸾飞凤舞
90237	衔珠金凤佩
90238	七璜珠玉佩
90239	鎏金点翠佩
90240	紫金碧玺佩
91000	暗夜
91001	暗夜
91002	暗夜
91003	梨花
91004	梨花
91005	梨花
91006	霹雳
91007	霹雳
91008	霹雳
91009	刑天之逆
91010	刑天之逆
91011	刑天之逆
91012	五虎断魂
91013	五虎断魂
91014	五虎断魂
91015	飞龙在天
91016	飞龙在天
91017	飞龙在天
91018	太极
91019	太极
91020	太极
91021	玉龙
91022	玉龙
91023	玉龙
91024	秋风
91025	秋风
91026	秋风
91027	画龙点睛
91028	画龙点睛
91029	画龙点睛
91030	秋水人家
91031	秋水人家
91032	秋水人家
91033	逍遥江湖
91034	逍遥江湖
91035	逍遥江湖
91036	沧海
91037	沧海
91038	沧海
91039	红莲
91040	红莲
91041	红莲
91042	盘龙
91043	盘龙
91044	盘龙
91045	降魔玉杵
91046	降魔玉杵
91047	降魔玉杵
91048	青藤玉树
91049	青藤玉树
91050	青藤玉树
91051	墨玉骷髅
91052	墨玉骷髅
91053	墨玉骷髅
91054	撕天
91055	撕天
91056	撕天
91057	毒牙
91058	毒牙
91059	毒牙
91060	胭脂
91061	胭脂
91062	胭脂
91063	九阴勾魂
91064	九阴勾魂
91065	九阴勾魂
91066	雪蚕之刺
91067	雪蚕之刺
91068	雪蚕之刺
91069	贵霜之牙
91070	贵霜之牙
91071	贵霜之牙
91072	破魄
91073	破魄
91074	破魄
91075	肃魂
91076	肃魂
91077	肃魂
91078	无敌
91079	无敌
91080	无敌
91081	五丁开山
91082	五丁开山
91083	五丁开山
91084	元神禁锢
91085	元神禁锢
91086	元神禁锢
91087	护法灭魔
91088	护法灭魔
91089	护法灭魔
91090	八卦
91091	八卦
91092	八卦
91093	鬼牙
91094	鬼牙
91095	鬼牙
91096	雷神
91097	雷神
91098	雷神
91099	混元金锤
91100	混元金锤
91101	混元金锤
91102	九瓣莲花
91103	九瓣莲花
91104	九瓣莲花
91105	鬼王蚀日
91106	鬼王蚀日
91107	鬼王蚀日
91108	如意
91109	如意
91110	如意
91111	乾坤
91112	乾坤
91113	乾坤
91114	月光
91115	月光
91116	月光
91117	别情离恨
91118	别情离恨
91119	别情离恨
91120	金玉双环
91121	金玉双环
91122	金玉双环
91123	彩虹
91124	彩虹
91125	彩虹
91126	流云
91127	流云
91128	流云
91129	碧波
91130	碧波
91131	碧波
91132	秋水落霞
91133	秋水落霞
91134	秋水落霞
91135	晃金仙绳
91136	晃金仙绳
91137	晃金仙绳
91138	此最相思
91139	此最相思
91140	此最相思
91141	鱼肠
91142	鱼肠
91143	鱼肠
91144	倚天
91145	倚天
91146	倚天
91147	湛卢
91148	湛卢
91149	湛卢
91150	魏武青虹
91151	魏武青虹
91152	魏武青虹
91153	灵犀神剑
91154	灵犀神剑
91155	灵犀神剑
91156	四法青云
91157	四法青云
91158	四法青云
91159	冷月
91160	冷月
91161	冷月
91162	屠龙
91163	屠龙
91164	屠龙
91165	血刃
91166	血刃
91167	血刃
91168	偃月青龙
91169	偃月青龙
91170	偃月青龙
91171	晓风残月
91172	晓风残月
91173	晓风残月
91174	斩妖泣血
91175	斩妖泣血
91176	斩妖泣血
91177	阴阳
91178	阴阳
91179	阴阳
91180	月光
91181	月光
91182	月光
91183	灵蛇
91184	灵蛇
91185	灵蛇
91186	金龙双剪
91187	金龙双剪
91188	金龙双剪
91189	连理双树
91190	连理双树
91191	连理双树
91192	白玉龙冠
91193	水晶夔帽
91194	翡翠曜冠
91195	金丝黑玉冠
91196	白玉琉璃冠
91197	兽鬼珐琅面
91198	紫金磐龙冠
91199	凤翅金翎
91200	寒雉霜蚕
91201	曜月嵌星
91202	郁金流苏簪
91203	玉翼附蝉翎
91204	鸾羽九凤冠
91205	金珰紫焰冠
91206	神谕披风
91207	珊瑚玉衣
91208	金蚕披风
91209	乾坤护心甲
91210	蝉翼金丝甲
91211	金丝鱼鳞甲
91212	紫金磐龙甲
91213	飞天羽衣
91214	穰花翠裙
91215	金蚕丝裙
91216	紫香金乌裙
91217	碧霞彩云衣
91218	金丝蝉翼衫
91219	五彩凤翅衣
91220	幻彩玉带
91221	珠翠玉环
91222	金蟾含珠
91223	乾坤紫玉带
91224	琉璃寒玉带
91225	蝉翼鱼佩带
91226	磐龙凤翔带
91227	踏雪无痕
91228	平步青云
91229	追云逐电
91230	乾坤天罡履
91231	七星逐月靴
91232	碧霞流云履
91233	金丝逐日履
91234	七彩玲珑
91235	黄玉琉佩
91236	鸾飞凤舞
91237	衔珠金凤佩
91238	七璜珠玉佩
91239	鎏金点翠佩
91240	紫金碧玺佩
92011	刑天之逆
92012	刑天之逆
92035	逍遥江湖
92036	逍遥江湖
92053	墨玉骷髅
92086	元神禁锢
92087	元神禁锢
92152	魏武青虹
93000	万年灵兽内丹
93001	炼妖葫芦
93002	梦幻银票
93192	白玉龙冠
93193	水晶夔帽
93194	翡翠曜冠
93195	金丝黑玉冠
93196	白玉琉璃冠
93197	兽鬼珐琅面
93198	紫金磐龙冠
93199	凤翅金翎
93200	寒雉霜蚕
93201	曜月嵌星
93202	郁金流苏簪
93203	玉翼附蝉翎
93204	鸾羽九凤冠
93205	金珰紫焰冠
93206	神谕披风
93207	珊瑚玉衣
93208	金蚕披风
93209	乾坤护心甲
93210	蝉翼金丝甲
93211	金丝鱼鳞甲
93212	紫金磐龙甲
93213	飞天羽衣
93214	穰花翠裙
93215	金蚕丝裙
93216	紫香金乌裙
93217	碧霞彩云衣
93218	金丝蝉翼衫
93219	五彩凤翅衣
93220	幻彩玉带
93221	珠翠玉环
93222	金蟾含珠
93223	乾坤紫玉带
93224	琉璃寒玉带
93225	蝉翼鱼佩带
93226	磐龙凤翔带
93227	踏雪无痕
93228	平步青云
93229	追云逐电
93230	乾坤天罡履
93231	七星逐月靴
93232	碧霞流云履
93233	金丝逐日履
93234	七彩玲珑
93235	黄玉琉佩
93236	鸾飞凤舞
93237	衔珠金凤佩
93238	七璜珠玉佩
93239	鎏金点翠佩
93240	紫金碧玺佩
400000	怪物卡片
400001	怪物卡片
400002	怪物卡片
400003	怪物卡片
400004	怪物卡片
400005	怪物卡片
400006	怪物卡片
400007	怪物卡片
400008	怪物卡片
400009	怪物卡片
400010	怪物卡片
400011	怪物卡片
400012	怪物卡片
400013	怪物卡片
400014	怪物卡片
400015	怪物卡片
400016	怪物卡片
400017	怪物卡片
400018	怪物卡片
400019	怪物卡片
400020	怪物卡片
400021	怪物卡片
400022	怪物卡片
400023	怪物卡片
400024	怪物卡片
400025	怪物卡片
400026	怪物卡片
400027	怪物卡片
400028	怪物卡片
400029	怪物卡片
400030	怪物卡片
400031	怪物卡片
400032	怪物卡片
400033	怪物卡片
400034	怪物卡片
400035	怪物卡片
400036	怪物卡片
400037	怪物卡片
400038	怪物卡片
400039	怪物卡片
400040	怪物卡片
400041	怪物卡片
400042	怪物卡片
400043	怪物卡片
400044	怪物卡片
400045	怪物卡片
400046	怪物卡片
400047	怪物卡片
400048	怪物卡片
400049	怪物卡片
400050	怪物卡片
400051	怪物卡片
400052	怪物卡片
400053	怪物卡片
400054	怪物卡片
400055	怪物卡片
500000	（染色）黄色剑侠客
500001	（染色）黑色剑侠客
500002	（染色）蓝色逍遥生
500003	（染色）黑色逍遥生
500004	（染色）红色龙太子
500005	（染色）黑色龙太子
500006	（染色）粉色玄彩娥
500007	（染色）黑色玄彩娥
500008	（染色）粉色骨精灵
500009	（染色）蓝色骨精灵
500010	（染色）黑色舞天姬
500011	（染色）紫色舞天姬
500012	（染色）蓝色飞燕女
500013	（染色）亮色飞燕女
500014	（染色）黄色虎头怪
500015	（染色）白色虎头怪
500016	神饰剑侠客
500017	（染色）绿色剑侠客
500018	神饰逍遥生
500019	（染色）红色逍遥生
500020	神饰龙太子
500021	（染色）肉色龙太子
500022	神饰玄彩娥
500023	（染色）紫色玄彩娥
500024	神饰骨精灵
500025	（染色）骨精灵
500026	神饰舞天姬
500027	（染色）绿色舞天姬
500028	神饰飞燕女
500029	神饰虎头怪
95180	天龙破城
95181	浩气长舒
95182	丝萝乔木
95183	忘川三途
95184	碧血干戚
95185	狂澜碎岳
95186	无关风月
95187	揽月摘星
95188	霜冷九州
95189	业火三灾
95190	紫电青霜
95191	天龙破城
95192	浩气长舒
95193	丝萝乔木
95194	忘川三途
95195	碧血干戚
95196	狂澜碎岳
95197	无关风月
95198	揽月摘星
95199	霜冷九州
95200	业火三灾
95201	紫电青霜
95202	弑皇
95203	星瀚
95204	醍醐
95205	离钩
95206	裂天
95207	碎寂
95208	朝夕
95209	九霄
95210	擒龙
95211	鸣鸿
95212	浮犀
93241	浑天玄火盔
93242	乾元鸣凤冕
93243	混元一气甲
93244	鎏金浣月衣
93245	紫霄云芒带
93246	辟尘分光履
93247	落霞陨星坠
95213	仙器-弑皇
95214	仙器-星瀚
95215	仙器-醍醐
95216	仙器-离钩
95217	仙器-裂天
95218	仙器-碎寂
95219	仙器-朝夕
95220	仙器-九霄
95221	仙器-擒龙
95222	仙器-鸣鸿
95223	仙器-浮犀
93248	浑天玄火盔
93249	乾元鸣凤冕
93250	混元一气甲
93251	鎏金浣月衣
93252	紫霄云芒带
93253	辟尘分光履
93254	落霞陨星坠
92001	一级强化光芒石
92002	二级强化光芒石
92003	三级强化光芒石
92004	四级强化光芒石
92005	五级强化光芒石
92006	六级强化光芒石
92007	七级强化光芒石
92008	八级强化光芒石
92009	九级强化光芒石
92010	十级强化光芒石
92011	符文·听风
92012	符文·沉默
92013	符文·执着
92014	符文·无畏
92015	符文·神风
92016	符文·仙道
92017	符文·神道
92018	符文·轮回
92019	符文·时光
92020	符文·空间
401600	土豪大礼包
401643	召唤兽成长丹
401669	绑定元宝卡
401670	绑定元宝卡（小）
401675	绑定元宝卡（大）
401676	10充值积分兑换卷
401677	超级积分卷
401680	幻境积分宝盒
401681	神器积分宝盒
402000	材料回收卡
402001	环装积分卡
402800	100元宝票
402801	200元宝票
402802	潜能果
402803	潜能果
402830	1000元宝票
402831	2000元宝票
402832	5000元宝票
402833	1W元宝票
402834	2W元宝票
402835	3W元宝票
402836	15W元宝票
402837	10W元宝票
402838	5W元宝票
402839	30W元宝票
402840	爱国福
402841	富强福
402842	和谐福
402843	友善福
402844	敬业福
402845	至尊VIP卡礼包
402850	乾元丹
402851	30首冲礼包
402868	高级成长丹
402869	超级成长丹
402870	50W元宝票
402871	100W元宝票
402900	邀请身份令牌
402901	邀请身份令牌
402902	VIP月卡礼包
402910	邀请身份令牌
402911	邀请身份令牌
402920	50首冲礼包
402921	邀请身份令牌
402922	轩辕剑之陨
402923	清泽谱之惠
402924	昆仑镜之忆
402925	星斗盘之约
402926	墨魂笔之踪
402927	天罡印之谋
402928	黄金甲之谜
402929	明火珠之影
402930	四神鼎之怨
402931	华光玉之伤
402932	噬魂齿之争
402933	泪痕碗之念
402934	独弦琴之思
402935	清泽谱
402936	昆仑镜
402937	独弦琴
402938	墨魂笔
402939	天罡印
402940	轩辕剑
402941	黄金甲
402942	明火珠
402943	四神鼎
402944	华光玉
402945	星斗盘
402946	噬魂齿
402947	痕泪碗
402948	剑侠客（黑羽）
402949	龙太子(白羽)
402950	舞天姬（白羽）
402951	飞燕女（黑羽）
402952	骨精灵（黑羽）
402953	逍遥生（蓝羽）
402954	虎头怪(烈焰)
402955	玄彩娥（仙气）
402956	子女秘籍
402957	子女秘籍
402958	子女秘籍
402959	子女秘籍
402960	子女秘籍
402961	子女秘籍
402962	子女秘籍
402963	子女秘籍
402964	子女秘籍
402965	子女秘籍
402966	子女秘籍
402967	子女秘籍
402968	子女秘籍
402969	子女秘籍
402970	生育指南
402971	弑皇
402972	星瀚
402973	醍醐
402974	离钩
402975	裂天
402976	碎寂
402977	朝夕
402978	九霄
402979	擒龙
402980	鸣鸿
402981	浮犀
402982	浑天玄火盔
402983	乾元鸣凤冕
402984	混元一气甲
402985	鎏金浣月衣
402986	紫霄云芒带
402987	辟尘分光履
402988	落霞陨星坠
402989	天龙破城
402990	浩气长舒
402991	丝萝乔木
402992	忘川三途
402993	碧血干戚
402994	狂澜碎岳
402995	无关风月
402996	揽月摘星
402997	霜冷九州
402998	业火三灾
402999	紫电青霜
403000	神器-天龙破城
403001	神器-浩气长舒
403002	神器-丝萝乔木
403003	神器-忘川三途
403004	神器-碧血干戚
403005	神器-狂澜碎岳
403006	神器-无关风月
403007	神器-揽月摘星
403008	神器-霜冷九州
403009	神器-业火三灾
403010	神器-紫电青霜
403011	神器-紫金碧玺佩
403012	神器-金丝逐日履
403013	神器-磐龙凤翔带
403014	神器-五彩凤翅衣
403015	神器-紫金磐龙甲
403016	神器-金珰紫焰冠
403017	神器-紫金磐龙冠
403018	渡劫内丹
403019	天尊信物
403020	渡劫令牌
403021	100充值积分兑换卷
403022	500充值积分兑换卷
403023	助战卡
403024	通关文凭
500030	（染色）白色巨魔王
500031	（染色）蓝色巨魔王
500032	（染色）黄色巨魔王
500033	（染色）纯白巨魔王
500034	（染色）白色狐美人
500035	（染色）红色狐美人
500036	（染色）蓝色狐美人
500037	（染色）黑灰狐美人
500038	（染色）灰紫神天兵
500039	（染色）蓝色神天兵
500040	（染色）白色神天兵
500041	（染色）黄色神天兵
403262	无敌【巨魔王】
403263	无敌【巨魔王】
403264	无敌【巨魔王】
403265	破魄【巨魔王】
403266	破魄【巨魔王】
403267	破魄【巨魔王】
403268	肃魂【巨魔王】
403269	肃魂【巨魔王】
403270	肃魂【巨魔王】
403271	五丁开山【巨魔王】
403272	五丁开山【巨魔王】
403273	五丁开山【巨魔王】
403274	元神禁锢【巨魔王】
403275	元神禁锢【巨魔王】
403276	元神禁锢【巨魔王】
403277	护法灭魔【巨魔王】
403278	护法灭魔【巨魔王】
403279	护法灭魔【巨魔王】
403280	制造指南书【巨魔王】
403281	制造指南书【巨魔王】
403282	制造指南书【巨魔王】
403283	制造指南书【巨魔王】
403284	制造指南书【巨魔王】
403285	制造指南书【巨魔王】
403286	制造指南书【巨魔王】
403287	制造指南书【巨魔王】
403288	超级修炼丹
403289	超级修炼丹碎片
403290	无暇宝石碎片
403291	裂天【巨魔王】
403292	碧血干戚【巨魔王】
403293	碧血干戚【巨魔王】
403294	裂天【巨魔王】
403295	龙筋【狐美人】
403296	龙筋【狐美人】
403297	龙筋【狐美人】
403298	百花【狐美人】
403299	百花【狐美人】
403300	百花【狐美人】
403301	吹雪【狐美人】
403302	吹雪【狐美人】
403303	吹雪【狐美人】
403304	游龙惊鸿【狐美人】
403305	游龙惊鸿【狐美人】
403306	游龙惊鸿【狐美人】
403307	仙人指路【狐美人】
403308	仙人指路【狐美人】
403309	仙人指路【狐美人】
403310	血之刺藤【狐美人】
403311	血之刺藤【狐美人】
403312	血之刺藤【狐美人】
403313	牧云清歌【狐美人】
403314	霜陨【狐美人】
403315	牧云清歌【狐美人】
403316	霜陨【狐美人】
403317	暗夜【神天兵】
403318	暗夜【神天兵】
403319	暗夜【神天兵】
403320	梨花【神天兵】
403321	梨花【神天兵】
403322	梨花【神天兵】
403323	霹雳【神天兵】
403324	霹雳【神天兵】
403325	霹雳【神天兵】
403326	刑天之逆【神天兵】
403327	刑天之逆【神天兵】
403328	刑天之逆【神天兵】
403329	五虎断魂【神天兵】
403330	五虎断魂【神天兵】
403331	五虎断魂【神天兵】
403332	飞龙在天【神天兵】
403333	飞龙在天【神天兵】
403334	飞龙在天【神天兵】
403335	天龙破城【神天兵】
403336	弑皇【神天兵】
403337	弑皇【神天兵】
403338	天龙破城【神天兵】
403339	制造指南书【狐美人】
403340	制造指南书【狐美人】
403341	制造指南书【狐美人】
403342	制造指南书【狐美人】
403343	制造指南书【狐美人】
403344	制造指南书【狐美人】
403345	制造指南书【狐美人】
403346	制造指南书【神天兵】
403347	制造指南书【神天兵】
403348	制造指南书【神天兵】
403349	制造指南书【神天兵】
403350	制造指南书【神天兵】
403351	制造指南书【神天兵】
403352	制造指南书【神天兵】
403353	制造指南书【狐美人】
403354	制造指南书【神天兵】
403355	阴阳【新飞燕女】
403356	阴阳【新飞燕女】
403357	阴阳【新飞燕女】
403358	月光【新飞燕女】
403359	月光【新飞燕女】
403360	月光【新飞燕女】
403361	灵蛇【新飞燕女】
403362	灵蛇【新飞燕女】
403363	灵蛇【新飞燕女】
403364	金龙双剪【新飞燕女】
403365	金龙双剪【新飞燕女】
403366	金龙双剪【新飞燕女】
403367	连理双树【新飞燕女】
403368	连理双树【新飞燕女】
403369	连理双树【新飞燕女】
403370	紫电青霜【新飞燕女】
403371	紫电青霜【新飞燕女】
403372	浮犀【新飞燕女】
403373	浮犀【新飞燕女】
403374	制造指南书【新飞燕女】
403375	制造指南书【新飞燕女】
403376	制造指南书【新飞燕女】
403377	制造指南书【新飞燕女】
403378	制造指南书【新飞燕女】
403379	制造指南书【新飞燕女】
403380	制造指南书【新飞燕女】
403381	制造指南书【新飞燕女】
403466	【下面是无级别武器】
403382	无敌【巨魔王】
403383	无敌【巨魔王】
403384	无敌【巨魔王】
403385	破魄【巨魔王】
403386	破魄【巨魔王】
403387	破魄【巨魔王】
403388	肃魂【巨魔王】
403389	肃魂【巨魔王】
403390	肃魂【巨魔王】
403391	五丁开山【巨魔王】
403392	五丁开山【巨魔王】
403393	五丁开山【巨魔王】
403394	元神禁锢【巨魔王】
403395	元神禁锢【巨魔王】
403396	元神禁锢【巨魔王】
403397	护法灭魔【巨魔王】
403398	护法灭魔【巨魔王】
403399	护法灭魔【巨魔王】
403400	裂天【巨魔王】
403401	碧血干戚【巨魔王】
403402	碧血干戚【巨魔王】
403403	裂天【巨魔王】
403404	龙筋【狐美人】
403405	龙筋【狐美人】
403406	龙筋【狐美人】
403407	百花【狐美人】
403408	百花【狐美人】
403409	百花【狐美人】
403410	吹雪【狐美人】
403411	吹雪【狐美人】
403412	吹雪【狐美人】
403413	游龙惊鸿【狐美人】
403414	游龙惊鸿【狐美人】
403415	游龙惊鸿【狐美人】
403415	仙人指路【狐美人】
403416	仙人指路【狐美人】
403417	仙人指路【狐美人】
403418	血之刺藤【狐美人】
403419	血之刺藤【狐美人】
403420	血之刺藤【狐美人】
403421	牧云清歌【狐美人】
403422	霜陨【狐美人】
403423	牧云清歌【狐美人】
403424	霜陨【狐美人】
403425	暗夜【神天兵】
403426	暗夜【神天兵】
403427	暗夜【神天兵】
403428	梨花【神天兵】
403429	梨花【神天兵】
403430	梨花【神天兵】
403431	霹雳【神天兵】
403432	霹雳【神天兵】
403433	霹雳【神天兵】
403434	刑天之逆【神天兵】
403435	刑天之逆【神天兵】
403436	刑天之逆【神天兵】
403437	五虎断魂【神天兵】
403438	五虎断魂【神天兵】
403439	五虎断魂【神天兵】
403440	飞龙在天【神天兵】
403441	飞龙在天【神天兵】
403442	飞龙在天【神天兵】
403443	天龙破城【神天兵】
403444	弑皇【神天兵】
403445	弑皇【神天兵】
403446	天龙破城【神天兵】
403447	阴阳【新飞燕女】
403448	阴阳【新飞燕女】
403449	阴阳【新飞燕女】
403450	月光【新飞燕女】
403451	月光【新飞燕女】
403452	月光【新飞燕女】
403453	灵蛇【新飞燕女】
403454	灵蛇【新飞燕女】
403455	灵蛇【新飞燕女】
403456	金龙双剪【新飞燕女】
403457	金龙双剪【新飞燕女】
403458	金龙双剪【新飞燕女】
403459	连理双树【新飞燕女】
403460	连理双树【新飞燕女】
403461	连理双树【新飞燕女】
403462	紫电青霜【新飞燕女】
403463	紫电青霜【新飞燕女】
403464	浮犀【新飞燕女】
403465	浮犀【新飞燕女】
403476	业焰【新】
403477	业焰【新】
403478	业焰【新】
403479	玉辉【新】
403480	玉辉【新】
403481	玉辉【新】
403482	鹿鸣【新】
403483	鹿鸣【新】
403484	鹿鸣【新】
403485	庄周梦蝶【新】
403486	庄周梦蝶【新】
403487	庄周梦蝶【新】
403488	凤翼流珠【新】
403489	凤翼流珠【新】
403490	凤翼流珠【新】
403491	雪蟒霜寒【新】
403492	雪蟒霜寒【新】
403493	雪蟒霜寒【新】
403494	碧海潮生【新】
403495	弦月【新】
403496	碧海潮生【新】
403497	弦月【新】
403498	离火【新】
403499	离火【新】
403500	离火【新】
403501	飞星【新】
403502	飞星【新】
403503	飞星【新】
403504	月华【新】
403505	月华【新】
403506	月华【新】
403507	回风舞雪【新】
403508	回风舞雪【新】
403509	回风舞雪【新】
403510	紫金葫芦【新】
403511	紫金葫芦【新】
403512	紫金葫芦【新】
403513	裂云啸日【新】
403514	裂云啸日【新】
403515	裂云啸日【新】
403516	云雷万里【新】
403517	赤明【新】
403518	云雷万里【新】
403519	赤明【新】
403520	非攻【新】
403521	非攻【新】
403522	非攻【新】
403523	幽篁【新】
403524	幽篁【新】
403525	幽篁【新】
403526	百鬼【新】
403527	百鬼【新】
403528	百鬼【新】
403529	冥火薄天【新】
403530	冥火薄天【新】
403531	冥火薄天【新】
403532	龙鸣寒水【新】
403533	龙鸣寒水【新】
403534	龙鸣寒水【新】
403536	太极流光【新】
403537	太极流光【新】
403538	仙器-太极流光
403539	九霄风雷【新】
410000	吴氏断魂一阶弑皇
410001	吴氏断魂一阶星瀚
410002	吴氏断魂一阶醍醐
410003	吴氏断魂一阶离钩
410004	吴氏断魂一阶裂天
410005	吴氏断魂一阶碎寂
410006	吴氏断魂一阶朝夕
410007	吴氏断魂一阶九霄
410008	吴氏断魂一阶擒龙
410009	吴氏断魂一阶鸣鸿
410010	吴氏断魂一阶浮犀
410100	吴氏断魂二阶弑皇
410101	吴氏断魂二阶星瀚
410102	吴氏断魂二阶醍醐
410103	吴氏断魂二阶离钩
410104	吴氏断魂二阶裂天
410105	吴氏断魂二阶碎寂
410106	吴氏断魂二阶朝夕
410107	吴氏断魂二阶九霄
410108	吴氏断魂二阶擒龙
410109	吴氏断魂二阶鸣鸿
410110	吴氏断魂二阶浮犀
410200	吴氏断魂三阶破城
410201	吴氏断魂三阶长舒
410202	吴氏断魂三阶乔木
410203	吴氏断魂三阶三途
410204	吴氏断魂三阶干戚
410205	吴氏断魂三阶碎岳
410206	吴氏断魂三阶风月
410207	吴氏断魂三阶摘星
410208	吴氏断魂三阶九州
410209	吴氏断魂三阶三灾
410210	吴氏断魂三阶青霜
410300	吴氏断魂四阶弑皇
410301	吴氏断魂四阶星瀚
410302	吴氏断魂四阶醍醐
410303	吴氏断魂四阶离钩
410304	吴氏断魂四阶裂天
410305	吴氏断魂四阶碎寂
410306	吴氏断魂四阶朝夕
410307	吴氏断魂四阶九霄
410308	吴氏断魂四阶擒龙
410309	吴氏断魂四阶鸣鸿
410310	吴氏断魂四阶浮犀
410400	吴氏断魂五阶破城
410401	吴氏断魂五阶长舒
410402	吴氏断魂五阶乔木
410403	吴氏断魂五阶三途
410404	吴氏断魂五阶干戚
410405	吴氏断魂五阶碎岳
410406	吴氏断魂五阶风月
410407	吴氏断魂五阶摘星
410408	吴氏断魂五阶九州
410409	吴氏断魂五阶三灾
410400	吴氏断魂五阶青霜
410500	吴氏断魂终极弑皇
410501	吴氏断魂终极星瀚
410502	吴氏断魂终极醍醐
410503	吴氏断魂终极离钩
410504	吴氏断魂终极裂天
410505	吴氏断魂终极碎寂
410506	吴氏断魂终极朝夕
410507	吴氏断魂终极九霄
410508	吴氏断魂终极擒龙
410509	吴氏断魂终极鸣鸿
410510	吴氏断魂终极浮犀
410600	吴氏断魂终极火盔
410601	吴氏断魂终极凤冕
410602	吴氏断魂终极气甲
410603	吴氏断魂终极月衣
410604	吴氏断魂终极芒带
410605	吴氏断魂终极光履
410606	吴氏断魂终极星坠
410607	一阶百炼精铁
410608	二阶百炼精铁
410609	三阶百炼精铁
410610	四阶百炼精铁
410611	五阶百炼精铁
410612	终极百炼精铁
410613	制造指南书【一阶】
410614	制造指南书【二阶】
410615	制造指南书【三阶】
410616	制造指南书【四阶】
410617	制造指南书【五阶】
410618	制造指南书【终极】
410619	万能精铁碎片
410620	万能指南书碎片
410621	蝴蝶元神内丹
410622	神之兜兜
410623	仙之兜兜
410624	魔之兜兜
410625	妖之兜兜
410626	芙蓉元神内丹
410627	琴仙元神内丹
410628	熊猫元神内丹
410629	龙将元神内丹
410630	般若元神内丹
410631	女娲元神内丹
410632	雅典娜元神内丹
410633	小悟空元神内丹
410634	龙龟龟元神内丹
410635	狐美人元神内丹
410636	持国护法元神内丹
410637	美羊羊元神内丹
410638	兔乖乖元神内丹
410639	蓝龙王元神内丹
410640	关羽元神内丹
410641	范式元神内丹
410642	书生元神内丹
410643	画仙元神内丹
410644	冰雪元神内丹
410645	金雄元神内丹
410646	颜如玉元神内丹
410647	垂云叟元神内丹
410648	鬼猫元神内丹
410649	穷奇元神内丹
410650	妖火狼元神内丹
410651	元神续命金丹
