1	0		宠物仙子	0		0	0	0	0	0	16777215	4	1	1	Npc00001.lua	0	0		Bat100000.lua	176	1			0	0
2	0		戏班老板	0		0	0	0	0	0	16777215	4	1	1	Npc00002.lua	0	0		Bat100001.lua	454	1			0	0
3	0		吹牛王	0		0	0	0	0	0	16777215	0	0	0	Npc00003.lua	0	0							0	0
4	0		飞儿	0		0	0	0	0	0	16777215	0	0	0	Npc00004.lua	0	0							0	0
5	0	无限制入门派	教书先生	0		0	0	0	0	0	16777215	0	0	0	Npc00005.lua	0	0							0	0
6	0	高级点修使者	技能指导师	0		0	0	0	0	0	16777215	0	0	0	Npc00006.lua	0	0							0	0
7	0		管家	0		0	0	0	0	0	16777215	0	0	0	Npc00007.lua	0	0							0	0
8	0		推广登记员	0		0	0	0	0	0	16777215	0	0	0	Npc00008.lua	0	0							0	0
9	0		游戏体验员	0		0	0	0	0	0	16777215	0	0	0	Npc00009.lua	0	0							0	0
10	0		符全	0		0	0	0	0	0	16777215	0	0	0	Npc00010.lua	0	0							0	0
11	0		马全有	0		0	0	0	0	0	16777215	0	0	0	Npc00011.lua	0	0							0	0
12	0		迎客僧	0		0	0	0	0	0	16777215	0	0	0	Npc00012.lua	0	0							0	0
13	0		仓库管理员	0		0	0	0	0	0	16777215	0	0	0	Npc00013.lua	0	0							0	0
14	0		刘老爹	0		0	0	0	0	0	16777215	0	0	0	Npc00014.lua	0	0							0	0
15	0		建业守卫	0		0	0	0	0	0	16777215	0	0	0	Npc00015.lua	0	0							0	0
16	0		雷黑子	0		0	0	0	0	0	16777215	0	0	0	Npc00016.lua	0	0							0	0
17	0		赵元宝	0		0	0	0	0	0	16777215	0	0	0	Npc00017.lua	0	0							0	0
18	0		超级巫医	0		0	0	0	0	0	16777215	0	0	0	Npc00018.lua	0	0							0	0
19	0		王大嫂	0		0	0	0	0	0	16777215	0	0	0	Npc00019.lua	0	0							0	0
20	0		陈长寿	0		0	0	0	0	0	16777215	0	0	0	Npc00020.lua	0	0							0	0
21	0		孙老头	0		0	0	0	0	0	16777215	0	0	0	Npc00021.lua	0	0							0	0
22	0		海产收购商	0		0	0	0	0	0	16777215	0	0	0	Npc00022.lua	0	0							0	0
23	0		装备收购商	0		0	0	0	0	0	16777215	0	0	0	Npc00023.lua	0	0							0	0
24	0		装备鉴定商	0		0	0	0	0	0	16777215	0	0	0	Npc00024.lua	0	0							0	0
25	0		牛大胆	0		0	0	0	0	0	16777215	0	0	0	Npc00025.lua	0	0							0	0
26	0		张来福	0		0	0	0	0	0	16777215	0	0	0	Npc00026.lua	0	0							0	0
27	0		赵捕头	0		0	0	0	0	0	16777215	0	0	0	Npc00027.lua	0	0							0	0
28	0		海盗头子	0		0	0	0	0	0	16777215	0	0	0	Npc00028.lua	0	0							0	0
29	0		林老汉	0		0	0	0	0	0	16777215	0	0	0	Npc00029.lua	0	0							0	0
30	0		超级药师	0		0	0	0	0	0	16777215	0	0	0	Npc00030.lua	0	0							0	0
31	0		楚恋依	0		0	0	0	0	0	16777215	0	0	0	Npc00031.lua	0	0							0	0
32	0		虾兵	0		0	0	0	0	0	16777215	0	0	0	Npc00032.lua	0	0							0	0
33	0		船夫	0		0	0	0	0	0	16777215	0	0	0	Npc00033.lua	0	0							0	0
34	0		玉面狐狸	0		0	0	0	0	0	16777215	0	0	0	Npc00034.lua	0	0							0	0
35	0		牛二	0		0	0	0	0	0	16777215	0	0	0	Npc00035.lua	0	0							0	0
36	0		蟹将	0		0	0	0	0	0	16777215	0	0	0	Npc00036.lua	0	0							0	0
37	0		蛤蟆精	0		0	0	0	0	0	16777215	0	0	0	Npc00037.lua	0	0							0	0
38	0		商人的鬼魂	0		0	0	0	0	0	16777215	4	1	1	Npc00038.lua	0	0		Bat000038.lua	177	1			0	0
39	0		虾精	0		0	0	0	0	0	16777215	0	0	0	Npc00039.lua	0	0							0	0
40	2		东海湾小队	0		0	0	0	0	0	16777215	3	255	255		18	0	DropItem100.csv	Bat000001.lua	1,4,12,10	600,600,150,150	1,4,10	1,1,1	0	0
41	2		东海湾宝宝小队	0		0	0	0	0	0	16777215	3	255	255		18	0	DropItem100.csv	Bat000001.lua	1,4,8,13,48	600,600,100,100,50			0	0
42	2		东海湾疯狂小队	0		0	0	0	0	0	16777215	3	255	255		21	0	DropItem100.csv	Bat000001.lua	1,4,10,12	300,300,600,600			0	0
43	2		东海海底小队	0		0	0	0	0	0	16777215	3	255	255		30	0	DropItem100.csv	Bat000002.lua	2,3,11,14	600,600,150,150	2,3,11,14	1,1,1,1	0	0
44	2		东海海底宝宝小队	0		0	0	0	0	0	16777215	3	255	255		30	0	DropItem100.csv	Bat000001.lua	2,3,15,9,48	600,600,100,100,50			0	0
45	2		东海海底疯狂小队	0		0	0	0	0	0	16777215	3	255	255		36	0	DropItem100.csv	Bat000001.lua	2,3,11,14	300,300,600,600			0	0
46	2		沉船小队	0		0	0	0	0	0	16777215	3	255	255		30	0	DropItem100.csv	Bat000002.lua	2,3,5,11,14,16	600,600,600,150,150,150	2,3,5,11,14,16	1,1,1,1,1,1	0	0
47	2		沉船宝宝小队	0		0	0	0	0	0	16777215	3	255	255		30	0	DropItem100.csv	Bat000001.lua	2,3,5,9,15,17,48	600,600,600,100,100,100,50			0	0
48	2		沉船疯狂小队	0		0	0	0	0	0	16777215	3	255	255		36	0	DropItem100.csv	Bat000001.lua	2,3,5,11,14,16	300,300,300,600,600,600			0	0
49	0		樵夫	0		0	0	0	0	0	16777215	0	0	0	Npc00049.lua	0	0							0	0
50	0		罗纤纤	0		0	0	0	0	0	16777215	0	0	0	Npc00050.lua	0	0							0	0
51	0		卵儿姐	0		0	0	0	0	0	16777215	0	0	0	Npc00051.lua	0	0							0	0
52	0		江湖奸商	0		0	0	0	0	0	16777215	0	0	0	Npc00052.lua	0	0							0	0
53	2		江南野外小队	0		0	0	0	0	0	16777215	3	255	255		54	0	DropItem200.csv	Bat000001.lua	18,21,19,22	600,600,150,150	18,21,19,22	1,1,1,1	0	0
54	2		江南野外宝宝小队	0		0	0	0	0	0	16777215	3	255	255		54	0	DropItem200.csv	Bat000001.lua	18,21,20,23,48	600,600,100,100,50			0	0
55	2		江南野外疯狂小队	0		0	0	0	0	0	16777215	3	255	255		64	0	DropItem200.csv	Bat000001.lua	18,21,19,22	300,300,600,600			0	0
56	0		驿站老板	0		0	0	0	0	0	16777215	0	0	0	Npc00056.lua	0	0							0	0
57	0		傲来特产商人	0		0	0	0	0	0	16777215	0	0	0	Npc00057.lua	0	0							0	0
58	0		渔夫	0		0	0	0	0	0	16777215	0	0	0	Npc00058.lua	0	0							0	0
59	0		驿站老板	0		0	0	0	0	0	16777215	0	0	0	Npc00059.lua	0	0							0	0
60	0		社区车夫	0		0	0	0	0	0	16777215	0	0	0	Npc00060.lua	0	0							0	0
61	0		傲来商人	0		0	0	0	0	0	16777215	0	0	0	Npc00061.lua	0	0							0	0
62	0		二黑子	0		0	0	0	0	0	16777215	0	0	0	Npc00062.lua	0	0							0	0
63	0		捕鱼人	0		0	0	0	0	0	16777215	0	0	0	Npc00063.lua	0	0							0	0
64	0		高级宝图兑换	0		0	0	0	0	0	16777215	0	0	0	Npc00064.lua	0	0							0	0
65	0		红毛猿	0		0	0	0	0	0	16777215	0	0	0	Npc00065.lua	0	0							0	0
66	0		金毛猿	0		0	0	0	0	0	16777215	0	0	0	Npc00066.lua	0	0							0	0
67	0		九头精怪	0		0	0	0	0	0	16777215	0	0	0	Npc00067.lua	0	0							0	0
68	0		仙道引路使	0		0	0	0	0	0	16777215	0	0	0	Npc00068.lua	0	0							0	0
69	0		傲来珍品商人	0		0	0	0	0	0	16777215	0	0	0	Npc00069.lua	0	0							0	0
70	0		蝴蝶妹妹	0		0	0	0	0	0	16777215	0	0	0	Npc00070.lua	0	0							0	0
71	2		花果山小队	0		0	0	0	0	0	16777215	3	255	255		162	0	DropItem300.csv	Bat000002.lua	24,27,30,25,28,31	600,600,600,150,150,150	24,27,30,25,28,31	1,1,1,1,1,1	0	0
72	2		花果山宝宝小队	0		0	0	0	0	0	16777215	3	255	255		162	0	DropItem300.csv	Bat000001.lua	24,27,30,26,29,32,48	600,600,600,100,100,100,50			0	0
73	2		花果山疯狂小队	0		0	0	0	0	0	16777215	3	255	255		194	0	DropItem300.csv	Bat000001.lua	24,27,30,25,28,31	300,300,300,600,600,600			0	0
74	0		老马猴	0		0	0	0	0	0	16777215	0	0	0	Npc00074.lua	0	0							0	0
75	0		马猴	0		0	0	0	0	0	16777215	0	0	0	Npc00075.lua	0	0							0	0
76	0		侯医生	0		0	0	0	0	0	16777215	0	0	0	Npc00076.lua	0	0							0	0
77	0		老猕猴	0		0	0	0	0	0	16777215	0	0	0	Npc00077.lua	0	0							0	0
78	0		传送女使	0		0	0	0	0	0	16777215	0	0	0	Npc00078.lua	0	0							0	0
79	0		柳飞絮	0		0	0	0	0	0	16777215	0	0	0	Npc00079.lua	0	0							0	0
80	0		翠花	0		0	0	0	0	0	16777215	0	0	0	Npc00080.lua	0	0							0	0
81	0		绿儿	0		0	0	0	0	0	16777215	0	0	0	Npc00081.lua	0	0							0	0
82	0		红娘	0		0	0	0	0	0	16777215	0	0	0	Npc00082.lua	0	0							0	0
83	0		贾贾娘	0		0	0	0	0	0	16777215	0	0	0	Npc00083.lua	0	0							0	0
84	0		花果山土地	0		0	0	0	0	0	16777215	0	0	0	Npc00084.lua	0	0							0	0
85	0		木中仙	0		0	0	0	0	0	16777215	0	0	0	Npc00085.lua	0	0							0	0
86	0		孙悟空	0		0	0	0	0	0	16777215	0	0	0	Npc00086.lua	0	0							0	0
87	2		北极芦洲小队	0		0	0	0	0	0	16777215	3	255	255		258	0	DropItem400.csv	Bat000002.lua	33,36,39,34,37,40	600,600,600,150,150,150	33,36,39,34,37,40	1,1,1,1,1,1	0	0
88	2		北极庐州宝宝小队	0		0	0	0	0	0	16777215	3	255	255		258	0	DropItem400.csv	Bat000001.lua	33,36,39,35,38,41,48	600,600,600,100,100,100,50			0	0
89	2		北极庐州疯狂小队	0		0	0	0	0	0	16777215	3	255	255		309	0	DropItem400.csv	Bat000001.lua	33,36,39,34,37,40	300,300,300,600,600,600			0	0
90	0		北俱芦洲土地	0		0	0	0	0	0	16777215	0	0	0	Npc00090.lua	0	0							0	0
91	0		驿站老板	0		0	0	0	0	0	16777215	0	0	0	Npc00091.lua	0	0							0	0
92	0		江湖奸商	0		0	0	0	0	0	16777215	0	0	0	Npc00092.lua	0	0							0	0
93	0		北俱商人	0		0	0	0	0	0	16777215	0	0	0	Npc00093.lua	0	0							0	0
94	0		地盾怪	0		0	0	0	0	0	16777215	0	0	0	Npc00094.lua	0	0							0	0
95	0		北俱商人	0		0	0	0	0	0	16777215	0	0	0	Npc00095.lua	0	0							0	0
96	0		白熊怪	0		0	0	0	0	0	16777215	0	0	0	Npc00096.lua	0	0							0	0
97	0		白琉璃	0		0	0	0	0	0	16777215	0	0	0	Npc00097.lua	0	0							0	0
98	0		翻天怪	0		0	0	0	0	0	16777215	0	0	0	Npc00098.lua	0	0							0	0
99	0		莽汉	0		0	0	0	0	0	16777215	0	0	0	Npc00099.lua	0	0							0	0
100	0		龙女妹妹	0		0	0	0	0	0	16777215	0	0	0	Npc00100.lua	0	0							0	0
101	0		雷鸟人	0		0	0	0	0	0	16777215	0	0	0	Npc00101.lua	0	0							0	0
102	0		传送女娲	0		0	0	0	0	0	16777215	0	0	0	Npc00102.lua	0	0							0	0
103	0		水中仙	0		0	0	0	0	0	16777215	0	0	0	Npc00103.lua	0	0							0	0
104	0		驿站老板	0		0	0	0	0	0	16777215	0	0	0	Npc00104.lua	0	0							0	0
105	0		鬼谷道士	0		0	0	0	0	0	16777215	0	0	0	Npc00105.lua	0	0							0	0
106	0		天将	0		0	0	0	0	0	16777215	0	0	0	Npc00106.lua	0	0							0	0
107	0		西牛贺洲土地	0		0	0	0	0	0	16777215	0	0	0	Npc00107.lua	0	0							0	0
108	0		驼背大鼋	0		0	0	0	0	0	16777215	0	0	0	Npc00108.lua	0	0							0	0
109	0		铁扇公主	0		0	0	0	0	0	16777215	0	0	0	Npc00109.lua	0	0							0	0
110	0		土中仙	0		0	0	0	0	0	16777215	0	0	0	Npc00110.lua	0	0							0	0
111	0		路人甲	0		0	0	0	0	0	16777215	0	0	0	Npc00111.lua	0	0							0	0
112	2		长寿村郊外小队	0		0	0	0	0	0	16777215	3	255	255		150	0	DropItem500.csv	Bat000002.lua	42,30,43,31	600,600,150,150	42,30,43,31	1,1,1,1	0	0
113	2		长寿村郊外宝宝小队	0		0	0	0	0	0	16777215	3	255	255		150	0	DropItem500.csv	Bat000001.lua	42,30,32,44,48	600,600,100,100,50			0	0
114	2		长寿村郊外疯狂小队	0		0	0	0	0	0	16777215	3	255	255		180	0	DropItem500.csv	Bat000001.lua	43,31,42,30	600,600,300,300			0	0
115	0		守门天将	0		0	0	0	0	0	16777215	0	0	0	Npc00115.lua	0	0							0	0
116	0		守门天将	0		0	0	0	0	0	16777215	4	1	1	Npc00116.lua	0	0		Bat000116.lua	213	1			0	0
117	0		素衣仙女	0		0	0	0	0	0	16777215	0	0	0	Npc00117.lua	0	0							0	0
118	0		顺风耳	0		0	0	0	0	0	16777215	0	0	0	Npc00118.lua	0	0							0	0
119	0		饰品仙女	0		0	0	0	0	0	16777215	0	0	0	Npc00119.lua	0	0							0	0
120	0		接引仙子	0		0	0	0	0	0	16777215	0	0	0	Npc00120.lua	0	0							0	0
121	0		千里眼	0		0	0	0	0	0	16777215	0	0	0	Npc00121.lua	0	0							0	0
122	0		天牢守卫	0		0	0	0	0	0	16777215	0	0	0	Npc00122.lua	0	0							0	0
123	0		水兵统领	0		0	0	0	0	0	16777215	0	0	0	Npc00123.lua	0	0							0	0
124	0		大力神灵	0		0	0	0	0	0	16777215	0	0	0	Npc00124.lua	0	0							0	0
125	0		驿站老板	0		0	0	0	0	0	16777215	0	0	0	Npc00125.lua	0	0							0	0
126	0		南瞻部洲土地	0		0	0	0	0	0	16777215	0	0	0	Npc00126.lua	0	0							0	0
127	0		张猎户	0		0	0	0	0	0	16777215	0	0	0	Npc00127.lua	0	0							0	0
128	0		贼王	0		0	0	0	0	0	16777215	0	0	0	Npc00128.lua	0	0							0	0
129	0		大当家	0		0	0	0	0	0	16777215	0	0	0	Npc00129.lua	0	0							0	0
130	0		驿站老板	0		0	0	0	0	0	16777215	0	0	0	Npc00130.lua	0	0							0	0
131	0		卷帘大将	0		0	0	0	0	0	16777215	0	0	0	Npc00131.lua	0	0							0	0
132	0		天兵飞剑	0		0	0	0	0	0	16777215	0	0	0	Npc00132.lua	0	0							0	0
133	0		云里雾	0		0	0	0	0	0	16777215	0	0	0	Npc00133.lua	0	0							0	0
134	0		姚太尉	0		0	0	0	0	0	16777215	0	0	0	Npc00134.lua	0	0							0	0
135	0		云游僧	0		0	0	0	0	0	16777215	0	0	0	Npc00135.lua	0	0							0	0
136	0		白鹿精	0		0	0	0	0	0	16777215	4	1	1	Npc00136.lua	0	0		Bat000136.lua	208	1			0	0
137	0		玉面狐狸	0		0	0	0	0	0	16777215	0	0	0	Npc00137.lua	0	0							0	0
138	0		老太爷	0		0	0	0	0	0	16777215	0	0	0	Npc00138.lua	0	0							0	0
139	0		李彪	0		0	0	0	0	0	16777215	0	0	0	Npc00139.lua	0	0							0	0
140	0		偷尸鬼	0		0	0	0	0	0	16777215	0	0	0	Npc00140.lua	0	0							0	0
141	0		天蓬元帅	0		0	0	0	0	0	16777215	0	0	0	Npc00141.lua	0	0							0	0
142	0		2号烽火台守卫	0		0	0	0	0	0	16777215	0	0	0	Npc00142.lua	0	0							0	0
143	0		1号烽火台守卫	0		0	0	0	0	0	16777215	0	0	0	Npc00143.lua	0	0							0	0
144	0		蛤蟆怪	0		0	0	0	0	0	16777215	0	0	0	Npc00144.lua	0	0							0	0
145	0		老太婆	0		0	0	0	0	0	16777215	0	0	0	Npc00145.lua	0	0							0	0
146	0		土地公	0		0	0	0	0	0	16777215	0	0	0	Npc00146.lua	0	0							0	0
147	0		少女	0		0	0	0	0	0	16777215	0	0	0	Npc00147.lua	0	0							0	0
148	0		强盗头子	0		0	0	0	0	0	16777215	0	0	0	Npc00148.lua	0	0							0	0
149	0		二当家	0		0	0	0	0	0	16777215	0	0	0	Npc00149.lua	0	0							0	0
150	0		3号烽火台守卫	0		0	0	0	0	0	16777215	0	0	0	Npc00150.lua	0	0							0	0
151	0		冤魂	0		0	0	0	0	0	16777215	0	0	0	Npc00151.lua	0	0							0	0
152	0		牛将军	0		0	0	0	0	0	16777215	0	0	0	Npc00152.lua	0	0							0	0
153	0		阿紫	0		0	0	0	0	0	16777215	0	0	0	Npc00153.lua	0	0							0	0
154	2		大唐境外小队	0		0	0	0	0	0	16777215	3	255	255		114	0	DropItem600.csv	Bat000002.lua	27,24,45,28,25,46	600,600,600,150,150,150	27,24,45,28,25,46	1,1,1,1,1,1	0	0
155	2		大唐境外宝宝小队	0		0	0	0	0	0	16777215	3	255	255		114	0	DropItem600.csv	Bat000001.lua	27,24,45,29,26,47,48	100,100,100,600,600,600,50			0	0
156	2		大唐境外疯狂小队	0		0	0	0	0	0	16777215	3	255	255		136	0	DropItem600.csv	Bat000001.lua	27,24,45,28,25,46	300,300,300,600,600,600			0	0
157	0		白衣人	0		0	0	0	0	0	16777215	0	0	0	Npc00157.lua	0	0							0	0
158	0		火中仙	0		0	0	0	0	0	16777215	0	0	0	Npc00158.lua	0	0							0	0
159	0		刘洪	0		0	0	0	0	0	16777215	0	0	0	Npc00159.lua	0	0							0	0
160	0		野猪王	0		0	0	0	0	0	16777215	0	0	0	Npc00160.lua	0	0							0	0
161	0		水云仙	0		0	0	0	0	0	16777215	0	0	0	Npc00161.lua	0	0							0	0
162	0		接引道人	0		0	0	0	0	0	16777215	0	0	0	Npc00162.lua	0	0							0	0
163	0		清风	0		0	0	0	0	0	16777215	0	0	0	Npc00163.lua	0	0							0	0
164	0		明月	0		0	0	0	0	0	16777215	0	0	0	Npc00164.lua	0	0							0	0
165	0		女妖	0		0	0	0	0	0	16777215	0	0	0	Npc00165.lua	0	0							0	0
166	0		金琉璃	0		0	0	0	0	0	16777215	0	0	0	Npc00166.lua	0	0							0	0
167	0		栗栗儿	0		0	0	0	0	0	16777215	0	0	0	Npc00167.lua	0	0							0	0
168	0		引路小妖	0		0	0	0	0	0	16777215	0	0	0	Npc00168.lua	0	0							0	0
169	0		守门牛妖	0		0	0	0	0	0	16777215	0	0	0	Npc00169.lua	0	0							0	0
170	0		守门牛妖	0		0	0	0	0	0	16777215	0	0	0	Npc00170.lua	0	0							0	0
171	0		引路小妖	0		0	0	0	0	0	16777215	0	0	0	Npc00171.lua	0	0							0	0
172	0		守山小妖	0		0	0	0	0	0	16777215	0	0	0	Npc00172.lua	0	0							0	0
173	0		守山小妖	0		0	0	0	0	0	16777215	0	0	0	Npc00173.lua	0	0							0	0
174	0		传送妖精	0		0	0	0	0	0	16777215	0	0	0	Npc00174.lua	0	0							0	0
175	0		守门小妖	0		0	0	0	0	0	16777215	0	0	0	Npc00175.lua	0	0							0	0
176	0		守门小妖	0		0	0	0	0	0	16777215	0	0	0	Npc00176.lua	0	0							0	0
177	0		吴文彩	0		0	0	0	0	0	16777215	0	0	0	Npc00177.lua	0	0							0	0
178	0		吴老爹	0		0	0	0	0	0	16777215	0	0	0	Npc00178.lua	0	0							0	0
179	0		虾兵	0		0	0	0	0	0	16777215	0	0	0	Npc00179.lua	0	0							0	0
180	0		衙门守卫	0		0	0	0	0	0	16777215	0	0	0	Npc00180.lua	0	0							0	0
181	0		殿温娇	0		0	0	0	0	0	16777215	0	0	0	Npc00181.lua	0	0							0	0
182	0		刘母	0		0	0	0	0	0	16777215	0	0	0	Npc00182.lua	0	0							0	0
183	0		小芸芸	0		0	0	0	0	0	16777215	0	0	0	Npc00183.lua	0	0							0	0
184	0		渔翁	0		0	0	0	0	0	16777215	0	0	0	Npc00184.lua	0	0							0	0
185	0		大生	0		0	0	0	0	0	16777215	0	0	0	Npc00185.lua	0	0							0	0
186	0		驿站老板	0		0	0	0	0	0	16777215	0	0	0	Npc00186.lua	0	0							0	0
187	0		白琉璃	0		0	0	0	0	0	16777215	0	0	0	Npc00187.lua	0	0							0	0
188	0		婆婆	0		0	0	0	0	0	16777215	0	0	0	Npc00188.lua	0	0							0	0
189	0		者释和尚	0		0	0	0	0	0	16777215	0	0	0	Npc00189.lua	0	0							0	0
190	0		业释和尚	0		0	0	0	0	0	16777215	0	0	0	Npc00190.lua	0	0							0	0
191	0		海释和尚	0		0	0	0	0	0	16777215	0	0	0	Npc00191.lua	0	0							0	0
192	0		牢房守卫	0		0	0	0	0	0	16777215	0	0	0	Npc00192.lua	0	0							0	0
193	0		普陀山接引仙女	0		0	0	0	0	0	16777215	0	0	0	Npc00193.lua	0	0							0	0
194	0		山神	0		0	0	0	0	0	16777215	0	0	0	Npc00194.lua	0	0							0	0
195	0		黑山老妖	0		0	0	0	0	0	16777215	0	0	0	Npc00195.lua	0	0							0	0
196	0		金中仙	0		0	0	0	0	0	16777215	0	0	0	Npc00196.lua	0	0							0	0
197	0		小二	0		0	0	0	0	0	16777215	0	0	0	Npc00197.lua	0	0							0	0
198	0		孟婆	0		0	0	0	0	0	16777215	0	0	0	Npc00198.lua	0	0							0	0
199	0		地府商人	0		0	0	0	0	0	16777215	0	0	0	Npc00199.lua	0	0							0	0
200	0		地府商人	0		0	0	0	0	0	16777215	0	0	0	Npc00200.lua	0	0							0	0
201	0		钟馗	0		0	0	0	0	0	16777215	0	0	0	Npc00201.lua	0	0							0	0
202	0		马面	0		0	0	0	0	0	16777215	0	0	0	Npc00202.lua	0	0							0	0
203	0		追梦鬼	0		0	0	0	0	0	16777215	0	0	0	Npc00203.lua	0	0							0	0
204	0		牛头	0		0	0	0	0	0	16777215	0	0	0	Npc00204.lua	0	0							0	0
205	0		地遁鬼	0		0	0	0	0	0	16777215	0	0	0	Npc00205.lua	0	0							0	0
206	0		虾兵	0		0	0	0	0	0	16777215	0	0	0	Npc00206.lua	0	0							0	0
207	0		蟹将军	0		0	0	0	0	0	16777215	0	0	0	Npc00207.lua	0	0							0	0
208	0		虾兵	0		0	0	0	0	0	16777215	0	0	0	Npc00208.lua	0	0							0	0
209	0		万圣公主	0		0	0	0	0	0	16777215	0	0	0	Npc00209.lua	0	0							0	0
210	0		龟太尉	0		0	0	0	0	0	16777215	0	0	0	Npc00210.lua	0	0							0	0
211	0		虾兵	0		0	0	0	0	0	16777215	0	0	0	Npc00211.lua	0	0							0	0
212	0		虾兵	0		0	0	0	0	0	16777215	0	0	0	Npc00212.lua	0	0							0	0
213	0		小龙女	0		0	0	0	0	0	16777215	0	0	0	Npc00213.lua	0	0							0	0
214	0		鬼千岁	0		0	0	0	0	0	16777215	0	0	0	Npc00214.lua	0	0							0	0
215	0		龙宫传送人	0		0	0	0	0	0	16777215	0	0	0	Npc00215.lua	0	0							0	0
216	0		蛤蟆头领	0		0	0	0	0	0	16777215	0	0	0	Npc00216.lua	0	0							0	0
217	0		虾将军	0		0	0	0	0	0	16777215	0	0	0	Npc00217.lua	0	0							0	0
218	0		虾兵	0		0	0	0	0	0	16777215	0	0	0	Npc00218.lua	0	0							0	0
219	0		虾兵	0		0	0	0	0	0	16777215	0	0	0	Npc00219.lua	0	0							0	0
220	0		蛤蟆勇士	0		0	0	0	0	0	16777215	0	0	0	Npc00220.lua	0	0							0	0
221	0		虾兵	0		0	0	0	0	0	16777215	0	0	0	Npc00221.lua	0	0							0	0
222	0		虾兵	0		0	0	0	0	0	16777215	0	0	0	Npc00222.lua	0	0							0	0
223	0		虾兵	0		0	0	0	0	0	16777215	0	0	0	Npc00223.lua	0	0							0	0
224	0		风波神	0		0	0	0	0	0	16777215	0	0	0	Npc00224.lua	0	0							0	0
225	0		海夜叉	0		0	0	0	0	0	16777215	0	0	0	Npc00225.lua	0	0							0	0
226	0		引路仙子	0		0	0	0	0	0	16777215	0	0	0	Npc00226.lua	0	0							0	0
227	0		龙女宝宝	0		0	0	0	0	0	16777215	0	0	0	Npc00227.lua	0	0							0	0
228	0		小熊怪	0		0	0	0	0	0	16777215	0	0	0	Npc00228.lua	0	0							0	0
229	0		接引仙女	0		0	0	0	0	0	16777215	0	0	0	Npc00229.lua	0	0							0	0
230	0		黑熊怪	0		0	0	0	0	0	16777215	0	0	0	Npc00230.lua	0	0							0	0
231	0		程府守卫	0		0	0	0	0	0	16777215	0	0	0	Npc00231.lua	0	0							0	0
232	0		传送兵	0		0	0	0	0	0	16777215	0	0	0	Npc00232.lua	0	0							0	0
233	0		程夫人	0		0	0	0	0	0	16777215	0	0	0	Npc00233.lua	0	0							0	0
234	0		丫鬟	0		0	0	0	0	0	16777215	0	0	0	Npc00234.lua	0	0							0	0
235	0		庎癫和尚	0		0	0	0	0	0	16777215	0	0	0	Npc00235.lua	0	0							0	0
236	0		接引僧	0		0	0	0	0	0	16777215	0	0	0	Npc00236.lua	0	0							0	0
237	0		慧海	0		0	0	0	0	0	16777215	0	0	0	Npc00237.lua	0	0							0	0
238	0		慧悲	0		0	0	0	0	0	16777215	0	0	0	Npc00238.lua	0	0							0	0
239	0		慧静	0		0	0	0	0	0	16777215	0	0	0	Npc00239.lua	0	0							0	0
240	0		觉明	0		0	0	0	0	0	16777215	0	0	0	Npc00240.lua	0	0							0	0
241	0		灵儿	0		0	0	0	0	0	16777215	0	0	0	Npc00241.lua	0	0							0	0
242	0		觉岸	0		0	0	0	0	0	16777215	0	0	0	Npc00242.lua	0	0							0	0
243	0		接引道童	0		0	0	0	0	0	16777215	0	0	0	Npc00243.lua	0	0							0	0
244	0		空慈方丈	0		0	0	0	0	0	16777215	0	0	0	Npc00244.lua	0	0							0	0
245	0		空善大师	0		0	0	0	0	0	16777215	0	0	0	Npc00245.lua	0	0							0	0
246	0		梦之魅	0		0	0	0	0	0	16777215	0	0	0	Npc00246.lua	0	0							0	0
247	0		血之魅	0		0	0	0	0	0	16777215	0	0	0	Npc00247.lua	0	0							0	0
248	0		奔波儿灞	0		0	0	0	0	0	16777215	0	0	0	Npc00248.lua	0	0							0	0
249	2		盘丝洞小队	0		0	0	0	0	0	16777215	3	255	255		186	0	DropItem700.csv	Bat000002.lua	45,49,52,46,50,53	600,600,600,150,150,150	45,49,52,46,50,53	1,1,1,1,1,1	0	0
250	2		盘丝洞宝宝小队	0		0	0	0	0	0	16777215	3	255	255		186	0	DropItem700.csv	Bat000001.lua	45,49,52,47,51,54,48	100,100,100,600,611,622,50			0	0
251	2		盘丝洞疯狂小队	0		0	0	0	0	0	16777215	3	255	255		223	0	DropItem700.csv	Bat000001.lua	45,49,52,46,50,53	300,300,300,600,600,600			0	0
252	2		狮驼岭小队	0		0	0	0	0	0	16777215	3	255	255		246	0	DropItem800.csv	Bat000001.lua	55,58,56,59	600,600,300,300	55,58,56,59	1,1,1,1	0	0
253	2		狮驼岭宝宝小队	0		0	0	0	0	0	16777215	3	255	255		246	0	DropItem800.csv	Bat000001.lua	55,58,57,60,48	600,600,150,150,50			0	0
254	2		狮驼岭疯狂小队	0		0	0	0	0	0	16777215	3	255	255		295	0	DropItem800.csv	Bat000001.lua	55,58,56,59	300,300,600,600			0	0
255	2		魔王寨小队	0		0	0	0	0	0	16777215	3	255	255		162	0	DropItem900.csv	Bat000001.lua	61,64,62,65	600,600,300,300	61,64,62,65	1,1,1,1	0	0
256	2		魔王寨宝宝小队	0		0	0	0	0	0	16777215	3	255	255		162	0	DropItem900.csv	Bat000001.lua	61,64,63,66,48	600,600,150,150,50			0	0
257	2		魔王寨疯狂小队	0		0	0	0	0	0	16777215	3	255	255		194	0	DropItem900.csv	Bat000001.lua	61,64,62,65	300,300,600,600			0	0
258	2		海底迷宫一层小队	0		0	0	0	0	0	16777215	3	255	255		198	0	DropItem1000.csv	Bat000001.lua	67,68	600,150	67,68	1,1	0	0
259	2		海底迷宫一层宝宝小队	0		0	0	0	0	0	16777215	3	255	255		198	0	DropItem1000.csv	Bat000001.lua	67,69,48	600,150,50			0	0
260	2		海底迷宫一层疯狂小队	0		0	0	0	0	0	16777215	3	255	255		237	0	DropItem1000.csv	Bat000001.lua	67,68	300,600			0	0
261	2		海底迷宫二层小队	0		0	0	0	0	0	16777215	3	255	255		198	0	DropItem10000.csv	Bat000001.lua	70,71	600,150	70,71	1,1	0	0
262	2		海底迷宫二层宝宝小队	0		0	0	0	0	0	16777215	3	255	255		198	0	DropItem10000.csv	Bat000001.lua	70,72,48	600,150,50			0	0
263	2		海底迷宫二层疯狂小队	0		0	0	0	0	0	16777215	3	255	255		237	0	DropItem10000.csv	Bat000001.lua	70,71	300,600			0	0
264	2		海底迷宫三层小队	0		0	0	0	0	0	16777215	3	255	255		198	0	DropItem10000.csv	Bat000001.lua	73,74	600,150	73,74	1,1	0	0
265	2		海底迷宫三层宝宝小队	0		0	0	0	0	0	16777215	3	255	255		198	0	DropItem10000.csv	Bat000001.lua	73,75,48	600,150,50			0	0
266	2		海底迷宫三层疯狂小队	0		0	0	0	0	0	16777215	3	255	255		237	0	DropItem10000.csv	Bat000001.lua	73,74	300,600			0	0
267	2		海底迷宫四层小队	0		0	0	0	0	0	16777215	3	255	255		198	0	DropItem10000.csv	Bat000001.lua	70,73,71,74	600,600,150,150	70,73,71,74	1,1,1,1	0	0
268	2		海底迷宫四层宝宝小队	0		0	0	0	0	0	16777215	3	255	255		198	0	DropItem10000.csv	Bat000001.lua	70,73,72,75,48	600,600,150,150,50			0	0
269	2		海底迷宫四层疯狂小队	0		0	0	0	0	0	16777215	3	255	255		237	0	DropItem10000.csv	Bat000001.lua	70,73,71,74	300,300,600,600			0	0
270	2		普陀山小队	0		0	0	0	0	0	16777215	3	255	255		186	0	DropItem10000.csv	Bat000001.lua	76,77	600,150	76,77	1,1	0	0
271	2		普陀山宝宝小队	0		0	0	0	0	0	16777215	3	255	255		186	0	DropItem10000.csv	Bat000001.lua	76,78,48	600,150,50			0	0
272	2		普陀山疯狂小队	0		0	0	0	0	0	16777215	3	255	255		223	0	DropItem10000.csv	Bat000001.lua	76,77	300,600			0	0
273	0		门派传送人	0		0	0	0	0	0	16777215	0	0	0	Npc00273.lua	0	0							0	0
274	0		拜师收徒介绍人	0		0	0	0	0	0	16777215	0	0	0	Npc00274.lua	0	0							0	0
275	0		长安导游	0		0	0	0	0	0	16777215	0	0	0	Npc00275.lua	0	0							0	0
276	0		飞儿	0		0	0	0	0	0	16777215	0	0	0	Npc00276.lua	0	0							0	0
277	0		杜少海	0		0	0	0	0	0	16777215	0	0	0	Npc00277.lua	0	0							0	0
278	0		王大嫂	0		0	0	0	0	0	16777215	0	0	0	Npc00278.lua	0	0							0	0
279	0	★桃园春色★	新增散人地图	0		0	0	0	0	0	16777215	0	0	0	Npc00279.lua	0	0							0	0
280	0		积分回收使者	0		0	0	0	0	0	16777215	0	0	0	Npc00280.lua	0	0							0	0
281	0		兜售烟花的兔子	0		0	0	0	0	0	16777215	0	0	0	Npc00281.lua	0	0							0	0
282	0		房都尉	0		0	0	0	0	0	16777215	0	0	0	Npc00282.lua	0	0							0	0
283	0		烟花占卜师	0		0	0	0	0	0	16777215	0	0	0	Npc00283.lua	0	0							0	0
284	0		华山接引人	0		0	0	0	0	0	16777215	0	0	0	Npc00284.lua	0	0							0	0
285	0		兰虎	0		0	0	0	0	0	16777215	0	0	0	Npc00285.lua	0	0							0	0
286	0		包装师	0		0	0	0	0	0	16777215	0	0	0	Npc00286.lua	0	0							0	0
287	0		月老	0		0	0	0	0	0	16777215	0	0	0	Npc00287.lua	0	0							0	0
288	0		红线童子	0		0	0	0	0	0	16777215	0	0	0	Npc00288.lua	0	0							0	0
289	0		社区车夫	0		0	0	0	0	0	16777215	0	0	0	Npc00289.lua	0	0							0	0
290	0		喜骄班头	0		0	0	0	0	0	16777215	0	0	0	Npc00290.lua	0	0							0	0
291	0		宝石商人	0		0	0	0	0	0	16777215	0	0	0	Npc00291.lua	0	0							0	0
292	0		轿夫	0		0	0	0	0	0	16777215	0	0	0	Npc00292.lua	0	0							0	0
293	0		二宝	0		0	0	0	0	0	16777215	0	0	0	Npc00293.lua	0	0							0	0
294	0		强身学习	0		0	0	0	0	0	16777215	0	0	0	Npc00294.lua	0	0							0	0
295	0		牌中圣	0		0	0	0	0	0	16777215	0	0	0	Npc00295.lua	0	0							0	0
296	0		外挂举报官	0		0	0	0	0	0	16777215	0	0	0	Npc00296.lua	0	0							0	0
297	0		帮派接引人	0		0	0	0	0	0	16777215	0	0	0	Npc00297.lua	0	0							0	0
298	0		牌中仙	0		0	0	0	0	0	16777215	0	0	0	Npc00298.lua	0	0							0	0
299	0	★仙人幻境★	新增散人地图	0		0	0	0	0	0	16777215	0	0	0	Npc00299.lua	0	0							0	0
300	0		帮派主管	0		0	0	0	0	0	16777215	0	0	0	Npc00300.lua	0	0							0	0
301	0		蒋大全	0		0	0	0	0	0	16777215	0	0	0	Npc00301.lua	0	0							0	0
302	0	宠物技能使者	超级宠物技能卡使者	0		0	0	0	0	0	16777215	0	0	0	Npc00302.lua	0	0							0	0
303	0		牌中杰	0		0	0	0	0	0	16777215	0	0	0	Npc00303.lua	0	0							0	0
304	0		盘乾坤	0		0	0	0	0	0	16777215	0	0	0	Npc00304.lua	0	0							0	0
305	0		贸易车队总管	0		0	0	0	0	0	16777215	0	0	0	Npc00305.lua	0	0							0	0
306	0		长安商人	0		0	0	0	0	0	16777215	0	0	0	Npc00306.lua	0	0							0	0
308	0		三界洞天使者	0		0	0	0	0	0	16777215	0	0	0	Npc00308.lua	0	0							0	0
309	0		棋童	0		0	0	0	0	0	16777215	0	0	0	Npc00309.lua	0	0							0	0
310	0		小宝	0		0	0	0	0	0	16777215	0	0	0	Npc00310.lua	0	0							0	0
311	0		长安商人	0		0	0	0	0	0	16777215	0	0	0	Npc00311.lua	0	0							0	0
312	0		大唐驿使	0		0	0	0	0	0	16777215	0	0	0	Npc00312.lua	0	0							0	0
313	0		五行大师	0		0	0	0	0	0	16777215	0	0	0	Npc00313.lua	0	0							0	0
314	0		仙符道人	0		0	0	0	0	0	16777215	0	0	0	Npc00314.lua	0	0							0	0
315	0		帮派活动接引人	0		0	0	0	0	0	16777215	0	0	0	Npc00315.lua	0	0							0	0
316	0		帮派竞赛主持人	0		0	0	0	0	0	16777215	0	0	0	Npc00316.lua	0	0							0	0
317	0		穷汉	0		0	0	0	0	0	16777215	0	0	0	Npc00317.lua	0	0							0	0
318	0		驿站车夫	0		0	0	0	0	0	16777215	0	0	0	Npc00318.lua	0	0							0	0
319	0		罗道人	0		0	0	0	0	0	16777215	0	0	0	Npc00319.lua	0	0							0	0
320	0		张老财	0		0	0	0	0	0	16777215	0	0	0	Npc00320.lua	0	0							0	0
321	0		威震天	0		0	0	0	0	0	16777215	0	0	0	Npc00321.lua	0	0							0	0
322	0		拍卖保管员	0		0	0	0	0	0	16777215	0	0	0	Npc00322.lua	0	0							0	0
323	0		龙孙	0		0	0	0	0	0	16777215	0	0	0	Npc00323.lua	0	0							0	0
324	0		袁守城	0		0	0	0	0	0	16777215	0	0	0	Npc00324.lua	0	0							0	0
325	0		袁天罩之徒	0		0	0	0	0	0	16777215	0	0	0	Npc00325.lua	0	0							0	0
326	0		少府监	0		0	0	0	0	0	16777215	0	0	0	Npc00326.lua	0	0							0	0
327	0		大宝	0		0	0	0	0	0	16777215	0	0	0	Npc00327.lua	0	0							0	0
328	0		牧场商人	0		0	0	0	0	0	16777215	0	0	0	Npc00328.lua	0	0							0	0
329	0		孙老头	0		0	0	0	0	0	16777215	0	0	0	Npc00329.lua	0	0							0	0
330	0		建房吏	0		0	0	0	0	0	16777215	0	0	0	Npc00330.lua	0	0							0	0
331	0		王捕头	0		0	0	0	0	0	16777215	0	0	0	Npc00331.lua	0	0							0	0
332	0		长安城守卫	0		0	0	0	0	0	16777215	0	0	0	Npc00332.lua	0	0							0	0
333	0		秦府守卫	0		0	0	0	0	0	16777215	0	0	0	Npc00333.lua	0	0							0	0
334	0		点卡交易公证员	0		0	0	0	0	0	16777215	0	0	0	Npc00334.lua	0	0							0	0
335	0		在线提醒设置人	0		0	0	0	0	0	16777215	0	0	0	Npc00335.lua	0	0							0	0
336	0		比武大主持人	0		0	0	0	0	0	16777215	0	0	0	Npc00336.lua	0	0							0	0
337	0		群雄涿鹿使者	0		0	0	0	0	0	16777215	0	0	0	Npc00337.lua	0	0							0	0
338	0		精武天神使者	0		0	0	0	0	0	16777215	0	0	0	Npc00338.lua	0	0							0	0
339	0	VIP服务使者	刘副将	0		0	0	0	0	0	16777215	0	0	0	Npc00339.lua	0	0							0	0
340	0	财神卡使者	游方车夫	0		0	0	0	0	0	16777215	0	0	0	Npc00340.lua	0	0							0	0
341	0		相府守卫	0		0	0	0	0	0	16777215	0	0	0	Npc00341.lua	0	0							0	0
342	0		节日礼物使者	0		0	0	0	0	0	16777215	0	0	0	Npc00342.lua	0	0							0	0
343	0		PK申请人	0		0	0	0	0	0	16777215	0	0	0	Npc00343.lua	0	0							0	0
344	0		陈员外	0		0	0	0	0	0	16777215	0	0	0	Npc00344.lua	0	0							0	0
345	0		拍卖大师	0		0	0	0	0	0	16777215	0	0	0	Npc00345.lua	0	0							0	0
346	0		长安珍品商人	0		0	0	0	0	0	16777215	0	0	0	Npc00346.lua	0	0							0	0
347	0		长安特产商人	0		0	0	0	0	0	16777215	0	0	0	Npc00347.lua	0	0							0	0
348	0		怜儿姑娘	0		0	0	0	0	0	16777215	0	0	0	Npc00348.lua	0	0							0	0
349	0		团队合约担保人	0		0	0	0	0	0	16777215	0	0	0	Npc00349.lua	0	0							0	0
350	0		装备洗练强化员	0		0	0	0	0	0	16777215	0	0	0	Npc00350.lua	0	0							0	0
351	0		积分兑换使者	0		0	0	0	0	0	16777215	0	0	0	Npc00351.lua	0	0							0	0
352	0		无限制门派拜师	0		0	0	0	0	0	16777215	0	0	0	Npc00352.lua	0	0							0	0
353	0		马福将	0		0	0	0	0	0	16777215	0	0	0	Npc00353.lua	0	0							0	0
354	0		万能的传送员	0		0	0	0	0	0	16777215	0	0	0	Npc00354.lua	0	0							0	0
355	0		签到领奖使者	0		0	0	0	0	0	16777215	0	0	0	Npc00355.lua	0	0							0	0
356	0		新手BUFF领取	0		0	0	0	0	0	16777215	0	0	0	Npc00356.lua	0	0							0	0
357	0		皇宫护卫	0		0	0	0	0	0	16777215	0	0	0	Npc00357.lua	0	0							0	0
358	0		李将军	0		0	0	0	0	0	16777215	0	0	0	Npc00358.lua	0	0							0	0
359	0		副本官员	0		0	0	0	0	0	16777215	0	0	0	Npc00359.lua	0	0							0	0
360	0		戴胄	0		0	0	0	0	0	16777215	0	0	0	Npc00360.lua	0	0							0	0
361	0		御林军右统领	0		0	0	0	0	0	16777215	0	0	0	Npc00361.lua	0	0							0	0
362	0		御林军左统领	0		0	0	0	0	0	16777215	0	0	0	Npc00362.lua	0	0							0	0
363	0		转生使者	0		0	0	0	0	0	16777215	0	0	0	Npc00363.lua	0	0							0	0
364	0		赵美人	0		0	0	0	0	0	16777215	0	0	0	Npc00364.lua	0	0							0	0
365	0	充值积分兑换	积分使者	0		0	0	0	0	0	16777215	0	0	0	Npc00365.lua	0	0							0	0
366	0		门派背叛使者	0		0	0	0	0	0	16777215	0	0	0	Npc00366.lua	0	0							0	0
367	0		剧情道具NPC	0		0	0	0	0	0	16777215	0	0	0	Npc00367.lua	0	0							0	0
368	0		国子监督导	0		0	0	0	0	0	16777215	0	0	0	Npc00368.lua	0	0							0	0
369	0		国子监祭酒	0		0	0	0	0	0	16777215	0	0	0	Npc00369.lua	0	0							0	0
370	0		国子监司业	0		0	0	0	0	0	16777215	0	0	0	Npc00370.lua	0	0							0	0
371	0	宠物飞升使者	流浪的宠物饲养员	0		0	0	0	0	0	16777215	0	0	0	Npc00371.lua	0	0							0	0
372	0		货郎李	0		0	0	0	0	0	16777215	0	0	0	Npc00372.lua	0	0							0	0
373	0		圣山传送人	0		0	0	0	0	0	16777215	0	0	0	Npc00373.lua	0	0							0	0
374	0		开发测试使者	0		0	0	0	0	0	16777215	0	0	0	Npc00374.lua	0	0							0	0
375	0		花香香	0		0	0	0	0	0	16777215	0	0	0	Npc00375.lua	0	0							0	0
376	0		老花农	0		0	0	0	0	0	16777215	0	0	0	Npc00376.lua	0	0							0	0
377	0		配色师	0		0	0	0	0	0	16777215	0	0	0	Npc00377.lua	0	0							0	0
378	0		商会总管	0		0	0	0	0	0	16777215	0	0	0	Npc00378.lua	0	0							0	0
379	2		大唐国境小队	0		0	0	0	0	0	16777215	3	255	255		66	0	DropItem11000.csv	Bat000002.lua	79,82,85,80,83,86	600,600,600,150,150,150	79,82,85,80,83,86	1,1,1,1,1,1	0	0
380	2		大唐国境宝宝小队	0		0	0	0	0	0	16777215	3	255	255		66	0	DropItem11000.csv	Bat000001.lua	79,82,85,81,84,87,48	600,600,600,100,100,100,50			0	0
381	2		大唐国境疯狂小队	0		0	0	0	0	0	16777215	3	255	255		79	0	DropItem11000.csv	Bat000001.lua	79,82,85,80,83,86	150,150,150,600,600,600			0	0
382	2		龙窟一层小队	0		0	0	0	0	0	16777215	3	255	255		222	0	DropItem12000.csv	Bat000002.lua	88,33,34,89	600,600,150,150	88,33,34,89	1,1,1,1	0	0
383	2		龙窟一层宝宝小队	0		0	0	0	0	0	16777215	3	255	255		222	0	DropItem12000.csv	Bat000001.lua	88,33,90,35,48	600,600,100,100,50			0	0
384	2		龙窟一层疯狂小队	0		0	0	0	0	0	16777215	3	255	255		266	0	DropItem12000.csv	Bat000001.lua	88,33,34,89	150,150,600,600			0	0
385	2		龙窟二层小队	0		0	0	0	0	0	16777215	3	255	255		234	0	DropItem12000.csv	Bat000002.lua	36,88,89,37	600,600,150,150	36,88,89,37	1,1,1,1	0	0
386	2		龙窟二层宝宝小队	0		0	0	0	0	0	16777215	3	255	255		234	0	DropItem12000.csv	Bat000001.lua	36,88,38,90,48	600,600,100,100,50			0	0
387	2		龙窟二层疯狂小队	0		0	0	0	0	0	16777215	3	255	255		280	0	DropItem12000.csv	Bat000001.lua	36,88,89,37	150,150,600,600			0	0
388	2		龙窟三层小队	0		0	0	0	0	0	16777215	3	255	255		246	0	DropItem13000.csv	Bat000002.lua	91,94,92,95	600,600,150,150	91,94,92,95	1,1,1,1	0	0
389	2		龙窟三层宝宝小队	0		0	0	0	0	0	16777215	3	255	255		246	0	DropItem13000.csv	Bat000001.lua	91,94,93,96,48	600,600,100,100,50			0	0
390	2		龙窟三层疯狂小队	0		0	0	0	0	0	16777215	3	255	255		295	0	DropItem13000.csv	Bat000001.lua	91,94,92,95	150,150,600,600			0	0
391	2		龙窟四层小队	0		0	0	0	0	0	16777215	3	255	255		270	0	DropItem14000.csv	Bat000002.lua	94,97,95,98	600,600,150,150	94,97,95,98	1,1,1,1	0	0
392	2		龙窟四层宝宝小队	0		0	0	0	0	0	16777215	3	255	255		279	0	DropItem14000.csv	Bat000001.lua	94,97,96,99,48	600,600,100,100,50			0	0
393	2		龙窟四层疯狂小队	0		0	0	0	0	0	16777215	3	255	255		342	0	DropItem14000.csv	Bat000001.lua	94,97,95,98	150,150,600,600			0	0
394	2		龙窟五层小队	0		0	0	0	0	0	16777215	3	255	255		270	0	DropItem14000.csv	Bat000002.lua	97,100,98,101	600,600,150,150	97,100,98,101	1,1,1,1	0	0
395	2		龙窟五层宝宝小队	0		0	0	0	0	0	16777215	3	255	255		279	0	DropItem14000.csv	Bat000001.lua	97,100,99,102,48	600,600,100,100,50			0	0
396	2		龙窟五层疯狂小队	0		0	0	0	0	0	16777215	3	255	255		324	0	DropItem14000.csv	Bat000001.lua	97,100,98,101	150,150,600,600			0	0
397	2		龙窟六层小队	0		0	0	0	0	0	16777215	3	255	255		330	0	DropItem14000.csv	Bat000002.lua	103,106,104,107	600,600,150,150	103,106,104,107	1,1,1,1	0	0
398	2		龙窟六层宝宝小队	0		0	0	0	0	0	16777215	3	255	255		330	0	DropItem14000.csv	Bat000001.lua	103,106,105,108,48	600,600,100,100,50			0	0
399	2		龙窟六层疯狂小队	0		0	0	0	0	0	16777215	3	255	255		396	0	DropItem14000.csv	Bat000001.lua	103,106,104,107	150,150,600,600			0	0
400	2		龙窟七层小队	0		0	0	0	0	0	16777215	3	255	255		342	0	DropItem14000.csv	Bat000002.lua	100,106,109,97,112,101,98,110,113,101	600,600,600,600,10,150,150,150,150,150	100,106,109,97,112,101,98,110,113,101	1,1,1,1,1,1,1,1,1,1	0	0
401	2		龙窟七层宝宝小队	0		0	0	0	0	0	16777215	3	255	255		342	0	DropItem14000.csv	Bat000001.lua	97,100,106,109,112,99,102,108,111,114	600,600,600,600,10,100,100,100,100,100			0	0
402	2		龙窟七层疯狂小队	0		0	0	0	0	0	16777215	3	255	255		410	0	DropItem14000.csv	Bat000001.lua	100,106,109,97,112,101,98,110,113,101	150,150,150,150,10,600,600,600,600,600			0	0
403	2		凤巢一层小队	0		0	0	0	0	0	16777215	3	255	255		234	0	DropItem15000.csv	Bat000002.lua	39,88,40,89	600,600,150,150	39,88,40,89	1,1,1,1	0	0
404	2		凤巢一层宝宝小队	0		0	0	0	0	0	16777215	3	255	255		234	0	DropItem15000.csv	Bat000001.lua	39,88,41,90,48	600,600,100,100,50			0	0
405	2		凤巢一层疯狂小队	0		0	0	0	0	0	16777215	3	255	255		280	0	DropItem15000.csv	Bat000001.lua	39,88,40,89	150,150,600,600			0	0
406	2		凤巢二层小队	0		0	0	0	0	0	16777215	3	255	255		246	0	DropItem15000.csv	Bat000002.lua	55,91,56,92	600,600,150,150	55,91,56,92	1,1,1,1	0	0
407	2		凤巢二层宝宝小队	0		0	0	0	0	0	16777215	3	255	255		246	0	DropItem15000.csv	Bat000001.lua	55,91,57,93,48	600,600,100,100,50			0	0
408	2		凤巢二层疯狂小队	0		0	0	0	0	0	16777215	3	255	255		296	0	DropItem15000.csv	Bat000001.lua	55,91,56,92	150,150,600,600			0	0
409	2		凤巢三层小队	0		0	0	0	0	0	16777215	3	255	255		270	0	DropItem16000.csv	Bat000002.lua	91,100,92,101	600,600,150,150	91,100,92,101	1,1,1,1	0	0
410	2		凤巢三层宝宝小队	0		0	0	0	0	0	16777215	3	255	255		270	0	DropItem16000.csv	Bat000001.lua	91,100,93,102,48	600,600,100,100,50			0	0
411	2		凤巢三层疯狂小队	0		0	0	0	0	0	16777215	3	255	255		324	0	DropItem16000.csv	Bat000001.lua	91,100,92,101	150,150,600,600			0	0
412	2		凤巢四层小队	0		0	0	0	0	0	16777215	3	255	255		270	0	DropItem17000.csv	Bat000002.lua	39,115,40,116	600,600,150,150	39,115,40,116	1,1,1,1	0	0
413	2		凤巢四层宝宝小队	0		0	0	0	0	0	16777215	3	255	255		270	0	DropItem17000.csv	Bat000001.lua	39,115,41,117,48	600,600,100,100,50			0	0
414	2		凤巢四层疯狂小队	0		0	0	0	0	0	16777215	3	255	255		324	0	DropItem17000.csv	Bat000001.lua	39,115,40,116	150,150,600,600			0	0
415	2		凤巢五层小队	0		0	0	0	0	0	16777215	3	255	255		330	0	DropItem17000.csv	Bat000002.lua	39,115,40,116	600,600,150,150	39,115,40,116	1,1,1,1	0	0
416	2		凤巢五层宝宝小队	0		0	0	0	0	0	16777215	3	255	255		330	0	DropItem17000.csv	Bat000001.lua	39,115,41,117,48	600,600,100,100,50			0	0
417	2		凤巢五层疯狂小队	0		0	0	0	0	0	16777215	3	255	255		396	0	DropItem17000.csv	Bat000001.lua	39,115,40,116	150,150,600,600			0	0
418	2		凤巢六层小队	0		0	0	0	0	0	16777215	3	255	255		342	0	DropItem17000.csv	Bat000002.lua	94,118,95,119	600,600,150,150	94,118,95,119	1,1,1,1	0	0
419	2		凤巢六层宝宝小队	0		0	0	0	0	0	16777215	3	255	255		342	0	DropItem17000.csv	Bat000001.lua	94,118,96,120,48	600,600,100,100,50			0	0
420	2		凤巢六层疯狂小队	0		0	0	0	0	0	16777215	3	255	255		410	0	DropItem17000.csv	Bat000001.lua	94,118,95,119	150,150,600,600			0	0
421	2		凤巢七层小队	0		0	0	0	0	0	16777215	3	255	255		352	0	DropItem17000.csv	Bat000002.lua	94,115,121,118,112,95,116,122,119,113	600,600,600,600,10,150,150,150,150,10	94,115,121,118,112,95,116,122,119,113	1,1,1,1,1,1,1,1,1,1	0	0
422	2		凤巢七层宝宝小队	0		0	0	0	0	0	16777215	3	255	255		352	0	DropItem17000.csv	Bat000001.lua	94,115,121,118,112,96,117,123,120,114,48	600,600,600,600,10,150,150,150,150,10,50			0	0
423	2		凤巢七层疯狂小队	0		0	0	0	0	0	16777215	3	255	255		422	0	DropItem17000.csv	Bat000001.lua	94,115,121,118,112,95,116,122,119,113	300,300,300,300,10,600,600,600,600,10			0	0
424	2		地狱迷宫一层小队	0		0	0	0	0	0	16777215	3	255	255		150	0	DropItem18000.csv	Bat000002.lua	124,127,125,128	600,600,150,150	124,127,125,128	1,1,1,1	0	0
425	2		地狱迷宫一层宝宝小队	0		0	0	0	0	0	16777215	3	255	255		150	0	DropItem18000.csv	Bat000001.lua	124,127,125,128,126,129,48	600,600,600,600,150,150,50			0	0
426	2		地狱迷宫一层疯狂小队	0		0	0	0	0	0	16777215	3	255	255		180	0	DropItem18000.csv	Bat000001.lua	124,127,125,128	150,150,600,600			0	0
427	2		地狱迷宫二层小队	0		0	0	0	0	0	16777215	3	255	255		186	0	DropItem18000.csv	Bat000002.lua	124,130,125,131	600,600,150,150	124,130,125,131	1,1,1,1	0	0
428	2		地狱迷宫二层宝宝小队	0		0	0	0	0	0	16777215	3	255	255		186	0	DropItem18000.csv	Bat000001.lua	124,130,125,131,126,132,48	600,600,600,600,150,150,50			0	0
429	2		地狱迷宫二层疯狂小队	0		0	0	0	0	0	16777215	3	255	255		223	0	DropItem18000.csv	Bat000001.lua	124,130,125,131	150,150,600,600			0	0
430	2		地狱迷宫三层小队	0		0	0	0	0	0	16777215	3	255	255		198	0	DropItem18000.csv	Bat000002.lua	127,133,136,128,134,137	600,600,600,150,150,150	127,133,136,128,134,137	1,1,1,1,1,1	0	0
431	2		地狱迷宫三层宝宝小队	0		0	0	0	0	0	16777215	3	255	255		198	0	DropItem18000.csv	Bat000001.lua	127,133,136,128,134,137,129,135,138,48	600,600,600,600,600,600,100,100,100,50			0	0
432	2		地狱迷宫三层疯狂小队	0		0	0	0	0	0	16777215	3	255	255		237	0	DropItem18000.csv	Bat000001.lua	127,133,136,128,134,137	150,150,150,600,600,600			0	0
433	2		地狱迷宫四层小队	0		0	0	0	0	0	16777215	3	255	255		200	0	DropItem18000.csv	Bat000002.lua	127,130,128,131	600,600,150,150	127,130,128,131	1,1,1,1	0	0
434	2		地狱迷宫四层宝宝小队	0		0	0	0	0	0	16777215	3	255	255		200	0	DropItem18000.csv	Bat000001.lua	124,130,125,131,126,132,48	600,600,600,600,100,100,50			0	0
435	2		地狱迷宫四层疯狂小队	0		0	0	0	0	0	16777215	3	255	255		267	0	DropItem18000.csv	Bat000001.lua	127,130,128,131	150,150,600,600			0	0
436	2		无名鬼蜮小队	0		0	0	0	0	0	16777215	3	255	255		466	0	DropItem19000.csv	Bat000002.lua	139,142,140	600,600,150	139,142,140	1,1,1	0	0
437	2		无名鬼蜮宝宝小队	0		0	0	0	0	0	16777215	3	255	255		466	0	DropItem19000.csv	Bat000002.lua	139,142,140,143,141,144,147,48,395	600,600,600,600,100,100,80,50,40			0	0
438	2		无名鬼蜮疯狂小队	0		0	0	0	0	0	16777215	3	255	255		510	0	DropItem19000.csv	Bat000002.lua	139,142,140,143	150,150,600,600			0	0
439	0		衙役	0		0	0	0	0	0	16777215	0	0	0	Npc00439.lua	0	0							0	0
440	0		建业县令	0		0	0	0	0	0	16777215	0	0	0	Npc00440.lua	0	0							0	0
441	0		杂货店老板	0		0	0	0	0	0	16777215	0	0	0	Npc00441.lua	0	0							0	0
442	0		钱庄老板	0		0	0	0	0	0	16777215	0	0	0	Npc00442.lua	0	0							0	0
443	0		周猎户	0		0	0	0	0	0	16777215	0	0	0	Npc00443.lua	0	0							0	0
444	0		药店老板	0		0	0	0	0	0	16777215	0	0	0	Npc00444.lua	0	0							0	0
445	0		当铺老板	0		0	0	0	0	0	16777215	0	0	0	Npc00445.lua	0	0							0	0
446	0		新角色武器购买	0		0	0	0	0	0	16777215	0	0	0	Npc00446.lua	0	0							0	0
447	0		武器店老板	0		0	0	0	0	0	16777215	0	0	0	Npc00447.lua	0	0							0	0
448	0		李善人	0		0	0	0	0	0	16777215	0	0	0	Npc00448.lua	0	0							0	0
449	0		服装店老板	0		0	0	0	0	0	16777215	0	0	0	Npc00449.lua	0	0							0	0
450	0		东海龙王	0		0	0	0	0	0	16777215	0	0	0	Npc00450.lua	0	0							0	0
451	0		王福来	0		0	0	0	0	0	16777215	0	0	0	Npc00451.lua	0	0							0	0
452	0		慕容先生	0		0	0	0	0	0	16777215	0	0	0	Npc00452.lua	0	0							0	0
453	0		杜天	0		0	0	0	0	0	16777215	0	0	0	Npc00453.lua	0	0							0	0
454	0		杂货店老板	0		0	0	0	0	0	16777215	0	0	0	Npc00454.lua	0	0							0	0
455	0		沈妙衣	0		0	0	0	0	0	16777215	0	0	0	Npc00455.lua	0	0							0	0
456	0		文老伯	0		0	0	0	0	0	16777215	0	0	0	Npc00456.lua	0	0							0	0
457	0		牛师傅	0		0	0	0	0	0	16777215	0	0	0	Npc00457.lua	0	0							0	0
458	0		小紫	0		0	0	0	0	0	16777215	0	0	0	Npc00458.lua	0	0							0	0
459	0		傲来货商	0		0	0	0	0	0	16777215	0	0	0	Npc00459.lua	0	0							0	0
460	0		孙婆婆	0		0	0	0	0	0	16777215	0	0	0	Npc00460.lua	0	0							0	0
461	2		无名鬼蜮鬼将小队	0		0	0	0	0	0	16777215	3	255	255		18	0	DropItem19000.csv	Bat000002.lua	139,142,145,140	150,150,10,600			0	0
462	0		哪咤	0		0	0	0	0	0	16777215	0	0	0	Npc00462.lua	0	0							0	0
463	0		金童子	0		0	0	0	0	0	16777215	0	0	0	Npc00463.lua	0	0							0	0
464	0		炼丹道士	0		0	0	0	0	0	16777215	0	0	0	Npc00464.lua	0	0							0	0
465	0		杨戬	0		0	0	0	0	0	16777215	0	0	0	Npc00465.lua	0	0							0	0
466	0		李靖	0		0	0	0	0	0	16777215	0	0	0	Npc00466.lua	0	0							0	0
467	0		玉皇大帝	0		0	0	0	0	0	16777215	0	0	0	Npc00467.lua	0	0							0	0
468	0		王母娘娘	0		0	0	0	0	0	16777215	0	0	0	Npc00468.lua	0	0							0	0
469	0		太上老君	0		0	0	0	0	0	16777215	0	0	0	Npc00469.lua	0	0							0	0
470	0		吴刚	0		0	0	0	0	0	16777215	4	1	1	Npc00470.lua	0	0		Bat000470.lua	579	1			0	0
471	0		康太尉	0		0	0	0	0	0	16777215	0	0	0	Npc00471.lua	0	0							0	0
472	0		月香侍女	0		0	0	0	0	0	16777215	0	0	0	Npc00472.lua	0	0							0	0
473	2		月宫小队	0		0	0	0	0	0	16777215	3	255	255		234	0	DropItem20000.csv	Bat000002.lua	148,149	600,150			0	0
474	2		月宫宝宝小队	0		0	0	0	0	0	16777215	3	255	255		234	0	DropItem20000.csv	Bat000002.lua	148,149,150,48	600,600,100,50			0	0
475	2		月宫疯狂小队	0		0	0	0	0	0	16777215	3	255	255		280	0	DropItem20000.csv	Bat000002.lua	148,149	150,600			0	0
476	0		嫦娥	0		0	0	0	0	0	16777215	0	0	0	Npc00476.lua	0	0							0	0
477	0		守门道童	0		0	0	0	0	0	16777215	0	0	0	Npc00477.lua	0	0							0	0
478	0		二大王	0		0	0	0	0	0	16777215	0	0	0	Npc00478.lua	0	0							0	0
479	0		三大王	0		0	0	0	0	0	16777215	0	0	0	Npc00479.lua	0	0							0	0
480	0		大大王	0		0	0	0	0	0	16777215	0	0	0	Npc00480.lua	0	0							0	0
481	0		妖怪亲信	0		0	0	0	0	0	16777215	0	0	0	Npc00481.lua	0	0							0	0
482	0		神机道长	0		0	0	0	0	0	16777215	0	0	0	Npc00482.lua	0	0							0	0
483	0		朱紫国土地	0		0	0	0	0	0	16777215	0	0	0	Npc00483.lua	0	0							0	0
484	0		新鲜人	0		0	0	0	0	0	16777215	0	0	0	Npc00484.lua	0	0							0	0
485	0		驿站老板	0		0	0	0	0	0	16777215	0	0	0	Npc00485.lua	0	0							0	0
486	0		酒店老板	0		0	0	0	0	0	16777215	0	0	0	Npc00486.lua	0	0							0	0
487	0		朱紫特产商人	0		0	0	0	0	0	16777215	0	0	0	Npc00487.lua	0	0							0	0
488	0		申太公	0		0	0	0	0	0	16777215	0	0	0	Npc00488.lua	0	0							0	0
489	0		端木娘子	0		0	0	0	0	0	16777215	0	0	0	Npc00489.lua	0	0							0	0
490	0		小囝囝	0		0	0	0	0	0	16777215	0	0	0	Npc00490.lua	0	0							0	0
491	0		豆蔻囡囡	0		0	0	0	0	0	16777215	0	0	0	Npc00491.lua	0	0							0	0
492	0		药店伙计	0		0	0	0	0	0	16777215	0	0	0	Npc00492.lua	0	0							0	0
493	0		紫阳药师	0		0	0	0	0	0	16777215	0	0	0	Npc00493.lua	0	0							0	0
494	2		蓬莱仙岛小队	0		0	0	0	0	0	16777215	3	255	255		511	0	DropItem21000.csv	Bat000002.lua	151,154,157,152,155,158	600,600,10,300,300,10	151,154,152,155	1,1,1,1	0	0
495	2		蓬莱仙岛宝宝小队	0		0	0	0	0	0	16777215	3	255	255		511	0	DropItem21000.csv	Bat000002.lua	151,154,157,152,155,158,153,156,159	600,600,10,600,600,10,100,100,10			0	0
496	2		蓬莱仙岛疯狂小队	0		0	0	0	0	0	16777215	3	255	255		595	0	DropItem21000.csv	Bat000002.lua	151,154,157,152,155,158	300,300,10,600,600,10			0	0
497	0		红孩儿	0		0	0	0	0	0	16777215	0	0	0	Npc00497.lua	0	0							0	0
498	0		布识陆	0		0	0	0	0	0	16777215	0	0	0	Npc00498.lua	0	0							0	0
499	0		琴童	0		0	0	0	0	0	16777215	0	0	0	Npc00499.lua	0	0							0	0
500	0		道童	0		0	0	0	0	0	16777215	0	0	0	Npc00500.lua	0	0							0	0
501	0		桃花令使	0		0	0	0	0	0	16777215	0	0	0	Npc00501.lua	0	0							0	0
502	0		福星	0		0	0	0	0	0	16777215	0	0	0	Npc00502.lua	0	0							0	0
503	0		禄星	0		0	0	0	0	0	16777215	0	0	0	Npc00503.lua	0	0							0	0
504	0		有来有往	0		0	0	0	0	0	16777215	0	0	0	Npc00504.lua	0	0							0	0
505	2		麒麟山小队	0		0	0	0	0	0	16777215	3	255	255		378	0	DropItem22000.csv	Bat000002.lua	160,163,166,161,164,167	600,600,600,300,300,300	160,163,166,161,164,167	1,1,1,1,1,1	0	0
506	2		麒麟山宝宝小队	0		0	0	0	0	0	16777215	3	255	255		378	0	DropItem22000.csv	Bat000002.lua	160,163,166,161,164,167,162,165,168,48	600,600,600,300,300,300,100,100,100,50			0	0
507	2		麒麟山疯狂小队	0		0	0	0	0	0	16777215	3	255	255		453	0	DropItem22000.csv	Bat000002.lua	160,163,166,161,164,167	300,300,300,600,600,600			0	0
508	0		九头精怪	0		0	0	0	0	0	16777215	0	0	0	Npc00508.lua	0	0							0	0
509	0		牛魔王	0		0	0	0	0	0	16777215	0	0	0	Npc00509.lua	0	0							0	0
510	0		春十三娘	0		0	0	0	0	0	16777215	0	0	0	Npc00510.lua	0	0							0	0
511	0		白晶晶	0		0	0	0	0	0	16777215	0	0	0	Npc00511.lua	0	0							0	0
512	0		高老先生	0		0	0	0	0	0	16777215	0	0	0	Npc00512.lua	0	0							0	0
513	0		镇元大仙	0		0	0	0	0	0	16777215	0	0	0	Npc00513.lua	0	0							0	0
514	0		酒肉和尚	0		0	0	0	0	0	16777215	4	1	1	Npc00514.lua	0	0		Bat000514.lua	209	1			0	0
515	0		文秀	0		0	0	0	0	0	16777215	0	0	0	Npc00515.lua	0	0							0	0
516	0		玄奘	0		0	0	0	0	0	16777215	0	0	0	Npc00516.lua	0	0							0	0
517	0		衙役	0		0	0	0	0	0	16777215	0	0	0	Npc00517.lua	0	0							0	0
518	0		刘洪	0		0	0	0	0	0	16777215	0	0	0	Npc00518.lua	0	0							0	0
519	0		观音姐姐	0		0	0	0	0	0	16777215	0	0	0	Npc00519.lua	0	0							0	0
520	0		阎罗王	0		0	0	0	0	0	16777215	0	0	0	Npc00520.lua	0	0							0	0
521	0		转轮王	0		0	0	0	0	0	16777215	0	0	0	Npc00521.lua	0	0							0	0
522	0		秦广王	0		0	0	0	0	0	16777215	0	0	0	Npc00522.lua	0	0							0	0
523	0		初江王	0		0	0	0	0	0	16777215	0	0	0	Npc00523.lua	0	0							0	0
524	0		宋帝王	0		0	0	0	0	0	16777215	0	0	0	Npc00524.lua	0	0							0	0
525	0		卞城王	0		0	0	0	0	0	16777215	0	0	0	Npc00525.lua	0	0							0	0
526	0		平等王	0		0	0	0	0	0	16777215	0	0	0	Npc00526.lua	0	0							0	0
527	0		泰山王	0		0	0	0	0	0	16777215	0	0	0	Npc00527.lua	0	0							0	0
528	0		都市王	0		0	0	0	0	0	16777215	0	0	0	Npc00528.lua	0	0							0	0
529	0		杵官王	0		0	0	0	0	0	16777215	0	0	0	Npc00529.lua	0	0							0	0
530	0		判官	0		0	0	0	0	0	16777215	0	0	0	Npc00530.lua	0	0							0	0
531	0		地藏王	0		0	0	0	0	0	16777215	0	0	0	Npc00531.lua	0	0							0	0
532	0		白无常	0		0	0	0	0	0	16777215	0	0	0	Npc00532.lua	0	0							0	0
533	0		黑无常	0		0	0	0	0	0	16777215	0	0	0	Npc00533.lua	0	0							0	0
534	0		程咬金	0		0	0	0	0	0	16777215	0	0	0	Npc00534.lua	0	0							0	0
535	0		慧明	0		0	0	0	0	0	16777215	0	0	0	Npc00535.lua	0	0							0	0
536	0		法明长老	0		0	0	0	0	0	16777215	0	0	0	Npc00536.lua	0	0							0	0
537	0		阿米国师	0		0	0	0	0	0	16777215	0	0	0	Npc00537.lua	0	0							0	0
538	0		朱紫国王	0		0	0	0	0	0	16777215	0	0	0	Npc00538.lua	0	0							0	0
539	0		菩提祖师	0		0	0	0	0	0	16777215	0	0	0	Npc00539.lua	0	0							0	0
540	0		天牢守卫	0		0	0	0	0	0	16777215	0	0	0	Npc00540.lua	0	0							0	0
541	0		桃园仙子	0		0	0	0	0	0	16777215	0	0	0	Npc00541.lua	0	0							0	0
542	0		百兽王	0		0	0	0	0	0	16777215	0	0	0	Npc00542.lua	0	0							0	0
543	0		桃园仙翁	0		0	0	0	0	0	16777215	0	0	0	Npc00543.lua	0	0							0	0
544	0		相宠师	0		0	0	0	0	0	16777215	0	0	0	Npc00544.lua	0	0							0	0
545	0		仙缘染坊主	0		0	0	0	0	0	16777215	0	0	0	Npc00545.lua	0	0							0	0
546	2		女娲神迹小队	0		0	0	0	0	0	16777215	3	255	255		466	0	DropItem23000.csv	Bat000002.lua	169,172,170,173	600,600,300,300	169,172,170,173	1,1,1,1	0	0
547	2		女娲神迹宝宝小队	0		0	0	0	0	0	16777215	3	255	255		466	0	DropItem23000.csv	Bat000002.lua	169,172,170,173,171,174,48,398	600,600,600,600,100,100,50,25			0	0
548	2		女娲神迹疯狂小队	0		0	0	0	0	0	16777215	3	255	255		559	0	DropItem23000.csv	Bat000002.lua	169,172,170,173	300,300,600,600			0	0
549	0		神殿守护者	0		0	0	0	0	0	16777215	0	0	0	Npc00549.lua	0	0							0	0
550	0		林老汉	0		0	0	0	0	0	16777215	0	0	0	Npc00550.lua	0	0							0	0
551	0		GM专用	0		0	0	0	0	0	16777215	0	0	0	Npc00551.lua	0	0							0	0
552	0		社区车夫	0		0	0	0	0	0	16777215	0	0	0	Npc00552.lua	0	0							0	0
553	0		许大娘	0		0	0	0	0	0	16777215	0	0	0	Npc00553.lua	0	0							0	0
554	0		太白金星	0		0	0	0	0	0	16777215	0	0	0	Npc00554.lua	0	0							0	0
555	0		陆萧然	0		0	0	0	0	0	16777215	0	0	0	Npc00555.lua	0	0							0	0
556	0		马婆婆	0		0	0	0	0	0	16777215	0	0	0	Npc00556.lua	0	0							0	0
557	0		强行PK申请人	0		0	0	0	0	0	16777215	0	0	0	Npc00557.lua	0	0							0	0
558	0		红拂女	0		0	0	0	0	0	16777215	0	0	0	Npc00558.lua	0	0							0	0
559	0		毛驴张	0		0	0	0	0	0	16777215	0	0	0	Npc00559.lua	0	0							0	0
560	0		虬髯客	0		0	0	0	0	0	16777215	0	0	0	Npc00560.lua	0	0							0	0
561	0		蔡爷爷	0		0	0	0	0	0	16777215	0	0	0	Npc00561.lua	0	0							0	0
562	0		南极仙翁	0		0	0	0	0	0	16777215	0	0	0	Npc00562.lua	0	0							0	0
563	0		许姑娘	0		0	0	0	0	0	16777215	0	0	0	Npc00563.lua	0	0							0	0
564	0		钟书生	0		0	0	0	0	0	16777215	0	0	0	Npc00564.lua	0	0							0	0
565	0		蝴蝶女	0		0	0	0	0	0	16777215	0	0	0	Npc00565.lua	0	0							0	0
566	0		凤凰姑娘	0		0	0	0	0	0	16777215	0	0	0	Npc00566.lua	0	0							0	0
567	0		慧觉和尚	0		0	0	0	0	0	16777215	0	0	0	Npc00567.lua	0	0							0	0
568	0		长寿货商	0		0	0	0	0	0	16777215	0	0	0	Npc00568.lua	0	0							0	0
569	0		长寿商人	0		0	0	0	0	0	16777215	0	0	0	Npc00569.lua	0	0							0	0
570	0		钱老板	0		0	0	0	0	0	16777215	0	0	0	Npc00570.lua	0	0							0	0
571	0		长寿特产商人	0		0	0	0	0	0	16777215	0	0	0	Npc00571.lua	0	0							0	0
572	0		杂货店老板	0		0	0	0	0	0	16777215	0	0	0	Npc00572.lua	0	0							0	0
573	0		药店老板	0		0	0	0	0	0	16777215	0	0	0	Npc00573.lua	0	0							0	0
574	0		长寿村村长	0		0	0	0	0	0	16777215	0	0	0	Npc00574.lua	0	0							0	0
575	0		武器店老板	0		0	0	0	0	0	16777215	0	0	0	Npc00575.lua	0	0							0	0
576	0		酒楼老板	0		0	0	0	0	0	16777215	0	0	0	Npc00576.lua	0	0							0	0
577	0		家具中介人	0		0	0	0	0	0	16777215	0	0	0	Npc00577.lua	0	0							0	0
578	0		茶小二	0		0	0	0	0	0	16777215	0	0	0	Npc00578.lua	0	0							0	0
579	0		钱庄老板	0		0	0	0	0	0	16777215	0	0	0	Npc00579.lua	0	0							0	0
580	0		裁缝张	0		0	0	0	0	0	16777215	0	0	0	Npc00580.lua	0	0							0	0
581	0		空度禅师	0		0	0	0	0	0	16777215	0	0	0	Npc00581.lua	0	0							0	0
582	0		建业守护使者	0		0	0	0	0	0	16777215	4	1	1	Npc00582.lua	0	0		Bat000582.lua	358	1			0	0
583	0		野猪王	0		0	0	0	0	0	16777215	4	1	1	Npc00583.lua	0	0		Bat000583.lua	175	1			0	0
584	0		丑时一刻诌鬼	0		0	0	0	0	0	16777215	4	1	1	Npc00584.lua	0	0		Bat000584.lua	178	1			0	0
585	0		丑时一刻假鬼	0		0	0	0	0	0	16777215	4	1	1	Npc00585.lua	0	0		Bat000585.lua	179	1			0	0
586	0		丑时一刻奸鬼	0		0	0	0	0	0	16777215	4	1	1	Npc00586.lua	0	0		Bat000586.lua	180	1			0	0
587	0		丑时一刻捣大鬼	0		0	0	0	0	0	16777215	4	1	1	Npc00587.lua	0	0		Bat000587.lua	181	1			0	0
588	0		丑时一刻冒失鬼	0		0	0	0	0	0	16777215	4	1	1	Npc00588.lua	0	0		Bat000588.lua	182	1			0	0
589	0		卵时二刻挖渣鬼	0		0	0	0	0	0	16777215	4	1	1	Npc00589.lua	0	0		Bat000589.lua	183	1			0	0
590	0		卵时二刻仔细鬼	0		0	0	0	0	0	16777215	4	1	1	Npc00590.lua	0	0		Bat000590.lua	184	1			0	0
591	0		卵时二刻讨吃鬼	0		0	0	0	0	0	16777215	4	1	1	Npc00591.lua	0	0		Bat000591.lua	185	1			0	0
592	0		卵时二刻地哩鬼	0		0	0	0	0	0	16777215	4	1	1	Npc00592.lua	0	0		Bat000592.lua	186	1			0	0
593	0		卵时二刻叫街鬼	0		0	0	0	0	0	16777215	4	1	1	Npc00593.lua	0	0		Bat000593.lua	187	1			0	0
594	0		申时三刻偷尸鬼	0		0	0	0	0	0	16777215	4	1	1	Npc00594.lua	0	0		Bat000594.lua	188	1			0	0
595	0		申时三刻含碜鬼 	0		0	0	0	0	0	16777215	4	1	1	Npc00595.lua	0	0		Bat000595.lua	189	1			0	0
596	0		申时三刻倒塌鬼	0		0	0	0	0	0	16777215	4	1	1	Npc00596.lua	0	0		Bat000596.lua	190	1			0	0
597	0		申时三刻涎脸鬼	0		0	0	0	0	0	16777215	4	1	1	Npc00597.lua	0	0		Bat000597.lua	191	1			0	0
598	0		申时三刻滴料鬼	0		0	0	0	0	0	16777215	4	1	1	Npc00598.lua	0	0		Bat000598.lua	192	1			0	0
599	0		辰时四刻滴料鬼	0		0	0	0	0	0	16777215	4	1	1	Npc00599.lua	0	0		Bat000599.lua	193	1			0	0
600	0		辰时四刻发贱鬼	0		0	0	0	0	0	16777215	4	1	1	Npc00600.lua	0	0		Bat000600.lua	194	1			0	0
601	0		辰时四刻急急鬼	0		0	0	0	0	0	16777215	4	1	1	Npc00601.lua	0	0		Bat000601.lua	195	1			0	0
602	0		辰时四刻耍碗鬼	0		0	0	0	0	0	16777215	4	1	1	Npc00602.lua	0	0		Bat000602.lua	196	1			0	0
603	0		辰时四刻低达鬼	0		0	0	0	0	0	16777215	4	1	1	Npc00603.lua	0	0		Bat000603.lua	197	1			0	0
604	0		茂时五刻遭瘟鬼	0		0	0	0	0	0	16777215	4	1	1	Npc00604.lua	0	0		Bat000604.lua	198	1			0	0
605	0		茂时五刻轻薄鬼	0		0	0	0	0	0	16777215	4	1	1	Npc00605.lua	0	0		Bat000605.lua	199	1			0	0
606	0		茂时五刻浇虚鬼	0		0	0	0	0	0	16777215	4	1	1	Npc00606.lua	0	0		Bat000606.lua	200	1			0	0
607	0		茂时五刻绵缠鬼	0		0	0	0	0	0	16777215	4	1	1	Npc00607.lua	0	0		Bat000607.lua	201	1			0	0
608	0		茂时五刻黑眼鬼	0		0	0	0	0	0	16777215	4	1	1	Npc00608.lua	0	0		Bat000608.lua	202	1			0	0
609	0		亥时六刻龌龊鬼	0		0	0	0	0	0	16777215	4	1	1	Npc00609.lua	0	0		Bat000609.lua	203	1			0	0
610	0		亥时六刻温斯鬼	0		0	0	0	0	0	16777215	4	1	1	Npc00610.lua	0	0		Bat000610.lua	204	1			0	0
611	0		亥时六刻不通鬼	0		0	0	0	0	0	16777215	4	1	1	Npc00611.lua	0	0		Bat000611.lua	205	1			0	0
612	0		亥时六刻诓骗鬼	0		0	0	0	0	0	16777215	4	1	1	Npc00612.lua	0	0		Bat000612.lua	206	1			0	0
613	0		亥时六刻急赖鬼	0		0	0	0	0	0	16777215	4	1	1	Npc00613.lua	0	0		Bat000613.lua	207	1			0	0
614	0		马面宝宝	0		0	0	0	0	0	16777215	4	1	1	Npc00614.lua	0	0		Bat000614.lua	135	1			0	0
615	0		测试Npc	0		0	0	0	0	0	16777215	4	1	1	Npc00615.lua	0	0		Bat000615.lua	135	1			0	0
616	0		牛头宝宝	0		0	0	0	0	0	16777215	4	1	1	Npc00616.lua	0	0		Bat000616.lua	138	1			0	0
617	0		兔子怪宝宝	0		0	0	0	0	0	16777215	4	1	1	Npc00617.lua	0	0		Bat000617.lua	150	1			0	0
618	0		蜘蛛精宝宝	0		0	0	0	0	0	16777215	4	1	1	Npc00618.lua	0	0		Bat000618.lua	54	1			0	0
619	0		黑熊精宝宝	0		0	0	0	0	0	16777215	4	1	1	Npc00619.lua	0	0		Bat000619.lua	78	1			0	0
620	0		僵尸宝宝	0		0	0	0	0	0	16777215	4	1	1	Npc00620.lua	0	0		Bat000620.lua	129	1			0	0
621	0		龟丞相宝宝	0		0	0	0	0	0	16777215	4	1	1	Npc00621.lua	0	0		Bat000621.lua	75	1			0	0
622	0		古代瑞兽宝宝	0		0	0	0	0	0	16777215	4	1	1	Npc00622.lua	0	0		Bat000622.lua	35	1			0	0
623	0		雷鸟人宝宝	0		0	0	0	0	0	16777215	4	1	1	Npc00623.lua	0	0		Bat000623.lua	57	1			0	0
624	0		蝴蝶仙子宝宝	0		0	0	0	0	0	16777215	4	1	1	Npc00624.lua	0	0		Bat000624.lua	60	1			0	0
625	0		黑山老妖宝宝	0		0	0	0	0	0	16777215	4	1	1	Npc00625.lua	0	0		Bat000625.lua	90	1			0	0
626	0		白熊宝宝	0		0	0	0	0	0	16777215	4	1	1	Npc00626.lua	0	0		Bat000626.lua	38	1			0	0
627	0		天兵宝宝	0		0	0	0	0	0	16777215	4	1	1	Npc00627.lua	0	0		Bat000627.lua	93	1			0	0
628	0		天将宝宝	0		0	0	0	0	0	16777215	4	1	1	Npc00628.lua	0	0		Bat000628.lua	41	1			0	0
629	0		地狱战神宝宝	0		0	0	0	0	0	16777215	4	1	1	Npc00629.lua	0	0		Bat000629.lua	102	1			0	0
630	0		风伯宝宝	0		0	0	0	0	0	16777215	4	1	1	Npc00630.lua	0	0		Bat000630.lua	96	1			0	0
631	0		凤凰宝宝	0		0	0	0	0	0	16777215	4	1	1	Npc00631.lua	0	0		Bat000631.lua	117	1			0	0
632	0		蛟龙宝宝	0		0	0	0	0	0	16777215	4	1	1	Npc00632.lua	0	0		Bat000632.lua	99	1			0	0
633	0		雨师宝宝	0		0	0	0	0	0	16777215	4	1	1	Npc00633.lua	0	0		Bat000633.lua	105	1			0	0
634	0		如意仙子宝宝	0		0	0	0	0	0	16777215	4	1	1	Npc00634.lua	0	0		Bat000634.lua	123	1			0	0
635	0		芙蓉仙子宝宝	0		0	0	0	0	0	16777215	4	1	1	Npc00635.lua	0	0		Bat000635.lua	120	1			0	0
636	0		星灵仙子宝宝	0		0	0	0	0	0	16777215	4	1	1	Npc00636.lua	0	0		Bat000636.lua	111	1			0	0
637	0		巡游天神宝宝	0		0	0	0	0	0	16777215	4	1	1	Npc00637.lua	0	0		Bat000637.lua	108	1			0	0
638	0		百足将军宝宝	0		0	0	0	0	0	16777215	4	1	1	Npc00638.lua	0	0		Bat000638.lua	165	1			0	0
639	0		野猪精宝宝	0		0	0	0	0	0	16777215	4	1	1	Npc00639.lua	0	0		Bat000639.lua	162	1			0	0
640	0		幽灵宝宝	0		0	0	0	0	0	16777215	4	1	1	Npc00640.lua	0	0		Bat000640.lua	141	1			0	0
641	0		吸血鬼宝宝	0		0	0	0	0	0	16777215	4	1	1	Npc00641.lua	0	0		Bat000641.lua	144	1			0	0
642	0		灵符女娲宝宝	0		0	0	0	0	0	16777215	4	1	1	Npc00642.lua	0	0		Bat000642.lua	174	1			0	0
643	0		律法女娲宝宝	0		0	0	0	0	0	16777215	4	1	1	Npc00643.lua	0	0		Bat000643.lua	171	1			0	0
644	0		阴阳伞宝宝	0		0	0	0	0	0	16777215	4	1	1	Npc00644.lua	0	0		Bat000644.lua	114	1			0	0
645	0		鬼将宝宝	0		0	0	0	0	0	16777215	4	1	1	Npc00645.lua	0	0		Bat000645.lua	147	1			0	0
646	0		净瓶女娲宝宝	0		0	0	0	0	0	16777215	4	1	1	Npc00646.lua	0	0		Bat000646.lua	398	1			0	0
647	0		雾中仙宝宝	0		0	0	0	0	0	16777215	4	1	1	Npc00647.lua	0	0		Bat000647.lua	403	1			0	0
648	0		灵鹤宝宝	0		0	0	0	0	0	16777215	4	1	1	Npc00648.lua	0	0		Bat000648.lua	423	1			0	0
649	0		炎魔神宝宝	0		0	0	0	0	0	16777215	4	1	1	Npc00649.lua	0	0		Bat000649.lua	418	1			0	0
650	0		噬天虎宝宝	0		0	0	0	0	0	16777215	4	1	1	Npc00650.lua	0	0		Bat000650.lua	413	1			0	0
651	0		红萼仙子宝宝	0		0	0	0	0	0	16777215	4	1	1	Npc00651.lua	0	0		Bat000651.lua	156	1			0	0
652	0		踏云兽宝宝	0		0	0	0	0	0	16777215	4	1	1	Npc00652.lua	0	0		Bat000652.lua	153	1			0	0
653	0		龙龟宝宝	0		0	0	0	0	0	16777215	4	1	1	Npc00653.lua	0	0		Bat000653.lua	159	1			0	0
654	0		大力金刚宝宝	0		0	0	0	0	0	16777215	4	1	1	Npc00654.lua	0	0		Bat000654.lua	427	1			0	0
655	0		远古老妖	0		0	0	0	0	0	16777215	4	1	1	Npc00655.lua	0	0		Bat000655.lua	253	1			0	0
656	0		远古魔王	0		0	0	0	0	0	16777215	4	1	1	Npc00656.lua	0	0		Bat000656.lua	250	1			0	0
657	0		远古黑熊精	0		0	0	0	0	0	16777215	4	1	1	Npc00657.lua	0	0		Bat000657.lua	252	1			0	0
658	0		远古蜘蛛精	0		0	0	0	0	0	16777215	4	1	1	Npc00658.lua	0	0		Bat000658.lua	251	1			0	0
659	0			0		0	0	0	0	0	16777215	4	1	1	Npc00659.lua	0	0		Bat000659.lua	251	1			0	0
660	0			0		0	0	0	0	0	16777215	4	1	1	Npc00660.lua	0	0		Bat000660.lua	251	1			0	0
661	0			0		0	0	0	0	0	16777215	4	1	1	Npc00661.lua	0	0		Bat000661.lua	251	1			0	0
662	0		大海龟宝宝	0		0	0	0	0	0	16777215	4	1	1	Npc00662.lua	0	0		Bat000662.lua	8	1			0	0
663	0		巨蛙宝宝	0		0	0	0	0	0	16777215	4	1	1	Npc00663.lua	0	0		Bat000663.lua	9	1			0	0
664	0		新角色武器兑换	0		0	0	0	0	0	16777215	0	0	0	Npc00664.lua	0	0							0	0
665	0		新角色武器兑换	0		0	0	0	0	0	16777215	0	0	0	Npc00665.lua	0	0							0	0
666	0		酒楼老板	0		0	0	0	0	0	16777215	0	0	0	Npc00666.lua	0	0							0	0
667	0		饰品店老板	0		0	0	0	0	0	16777215	0	0	0	Npc00667.lua	0	0							0	0
668	0		服装店老板	0		0	0	0	0	0	16777215	0	0	0	Npc00668.lua	0	0							0	0
669	0		张裁缝	0		0	0	0	0	0	16777215	0	0	0	Npc00669.lua	0	0							0	0
670	0		当铺老板	0		0	0	0	0	0	16777215	0	0	0	Npc00670.lua	0	0							0	0
671	0		赌霸天	0		0	0	0	0	0	16777215	0	0	0	Npc00671.lua	0	0							0	0
672	0		乐器店老板	0		0	0	0	0	0	16777215	0	0	0	Npc00672.lua	0	0							0	0
673	0		罗百万	0		0	0	0	0	0	16777215	0	0	0	Npc00673.lua	0	0							0	0
674	0		小桃红	0		0	0	0	0	0	16777215	0	0	0	Npc00674.lua	0	0							0	0
675	0		小怜香	0		0	0	0	0	0	16777215	0	0	0	Npc00675.lua	0	0							0	0
676	0		小惜玉	0		0	0	0	0	0	16777215	0	0	0	Npc00676.lua	0	0							0	0
677	0		陈妈妈	0		0	0	0	0	0	16777215	0	0	0	Npc00677.lua	0	0							0	0
678	0		衙役	0		0	0	0	0	0	16777215	0	0	0	Npc00678.lua	0	0							0	0
679	0		罗师爷	0		0	0	0	0	0	16777215	0	0	0	Npc00679.lua	0	0							0	0
680	0		捕头李	0		0	0	0	0	0	16777215	0	0	0	Npc00680.lua	0	0							0	0
681	0		秦琼	0		0	0	0	0	0	16777215	0	0	0	Npc00681.lua	0	0							0	0
682	0		秦夫人	0		0	0	0	0	0	16777215	0	0	0	Npc00682.lua	0	0							0	0
683	0		殷丞相	0		0	0	0	0	0	16777215	0	0	0	Npc00683.lua	0	0							0	0
684	0		殷夫人	0		0	0	0	0	0	16777215	0	0	0	Npc00684.lua	0	0							0	0
685	0		新套装合成使者	0		0	0	0	0	0	16777215	0	0	0	Npc00685.lua	0	0							0	0
686	0		官职提升员	0		0	0	0	0	0	16777215	0	0	0	Npc00686.lua	0	0							0	0
687	0		义结金兰	0		0	0	0	0	0	16777215	0	0	0	Npc00687.lua	0	0							0	0
688	0		点修使者	0		0	0	0	0	0	16777215	0	0	0	Npc00688.lua	0	0							0	0
689	0		李世民-抽奖	0		0	0	0	0	0	16777215	0	0	0	Npc00689.lua	0	0							0	0
690	0		吴举人	0		0	0	0	0	0	16777215	0	0	0	Npc00690.lua	0	0							0	0
691	0		福寿店老板	0		0	0	0	0	0	16777215	0	0	0	Npc00691.lua	0	0							0	0
692	0		钱庄老板	0		0	0	0	0	0	16777215	0	0	0	Npc00692.lua	0	0							0	0
693	0		店小二	0		0	0	0	0	0	16777215	0	0	0	Npc00693.lua	0	0							0	0
694	0		酒楼老板	0		0	0	0	0	0	16777215	0	0	0	Npc00694.lua	0	0							0	0
695	0		郑镖头	0		0	0	0	0	0	16777215	0	0	0	Npc00695.lua	0	0							0	0
696	0		杂货店老板	0		0	0	0	0	0	16777215	0	0	0	Npc00696.lua	0	0							0	0
697	0		冯铁匠	0		0	0	0	0	0	16777215	0	0	0	Npc00697.lua	0	0							0	0
698	0		强化铁兑换员	0		0	0	0	0	0	16777215	0	0	0	Npc00698.lua	0	0							0	0
699	0		颜如玉	0		0	0	0	0	0	16777215	0	0	0	Npc00699.lua	0	0							0	0
700	0		紫衣盗	0		0	0	0	0	0	16777215	0	0	0	Npc00700.lua	0	0							0	0
701	0		药店老板	0		0	0	0	0	0	16777215	0	0	0	Npc00701.lua	0	0							0	0
702	0		袁天罡	0		0	0	0	0	0	16777215	0	0	0	Npc00702.lua	0	0							0	0
703	0		王武	0		0	0	0	0	0	16777215	0	0	0	Npc00703.lua	0	0							0	0
704	0	全新套装打造	新一阶神器打造使者	0		0	0	0	0	0	16777215	0	0	0	Npc00704.lua	0	0							0	0
705	0	全新套装打造全新套装打造	新二阶神器打造使者	0		0	0	0	0	0	16777215	0	0	0	Npc00705.lua	0	0							0	0
706	0	全新套装打造	新三阶神器打造使者	0		0	0	0	0	0	16777215	0	0	0	Npc00706.lua	0	0							0	0
707	0	全新套装打造	新四阶神器打造使者	0		0	0	0	0	0	16777215	0	0	0	Npc00707.lua	0	0							0	0
708	0	全新套装打造	新饰品打造使者	0		0	0	0	0	0	16777215	0	0	0	Npc00708.lua	0	0							0	0
709	0	全新套装打造	新五阶神器打造使者	0		0	0	0	0	0	16777215	0	0	0	Npc00709.lua	0	0							0	0
710	0	全新宠物	神兽使者	0		0	0	0	0	0	16777215	0	0	0	Npc00710.lua	0	0							0	0
711	0	全新宠物	仙兽使者	0		0	0	0	0	0	16777215	0	0	0	Npc00711.lua	0	0							0	0
712	0	全新宠物	魔兽使者	0		0	0	0	0	0	16777215	0	0	0	Npc00712.lua	0	0							0	0
713	0	全新套装打造	新女防具打造使者	0		0	0	0	0	0	16777215	0	0	0	Npc00713.lua	0	0							0	0
714	0	全新套装打造	新男防具打造使者	0		0	0	0	0	0	16777215	0	0	0	Npc00714.lua	0	0							0	0
715	0	全新套装打造	终极神器打造使者	0		0	0	0	0	0	16777215	0	0	0	Npc00715.lua	0	0							0	0
716	0	全新宠物	妖兽使者	0		0	0	0	0	0	16777215	0	0	0	Npc00716.lua	0	0							0	0
717	0		宠物飞升娃娃	0		0	0	0	0	0	16777215	0	0	0	Npc00717.lua	0	0							0	0
718	0		宠物进阶使者	0		0	0	0	0	0	16777215	0	0	0	Npc00718.lua	0	0							0	0
719	0	帮派铁匠铺	小麦	0		0	0	0	0	0	16777215	0	0	0	Npc00719.lua	0	0							0	0
720	0		帮派总管	0		0	0	0	0	0	16777215	0	0	0	Npc00720.lua	0	0							0	0
721	0		帮派师爷	0		0	0	0	0	0	16777215	0	0	0	Npc00721.lua	0	0							0	0
722	0		帮派修炼	0		0	0	0	0	0	16777215	0	0	0	Npc00722.lua	0	0							0	0
723	0		书院管家	0		0	0	0	0	0	16777215	0	0	0	Npc00723.lua	0	0							0	0
724	0		福利总管	0		0	0	0	0	0	16777215	0	0	0	Npc00724.lua	0	0							0	0
725	0		白虎堂总管	0		0	0	0	0	0	16777215	0	0	0	Npc00725.lua	0	0							0	0
726	0		帮派车夫	0		0	0	0	0	0	16777215	0	0	0	Npc00726.lua	0	0							0	0
727	0		强盗	0		0	0	0	0	0	16777215	4	1	1	Npc00727.lua	0	0		Bat000727.lua	373	1			0	0
728	0		嘉年华使者	0		0	0	0	0	0	16777215	0	0	0	Npc000728.lua	0	0							0	0
729	0		捣乱小妖	0		0	0	0	0	0	16777215	4	1	1	Npc000729.lua	0	0		Bat000729.lua	375	1			0	0
730	0		贪吃小仙	0		0	0	0	0	0	16777215	4	1	1	Npc000730.lua	0	0		Bat000730.lua	385	1			0	0
731	0		传送使者	0		0	0	0	0	0	16777215	0	0	0	Npc00731.lua	0	0							0	0
732	2		小西天小队	0		0	0	0	0	0	16777215	3	255	255		466	0	DropItem23000.csv	Bat000002.lua	411,416,412,417	600,600,300,300	411,416,412,417	1,1,1,1	0	0
733	2		小西天宝宝小队	0		0	0	0	0	0	16777215	3	255	255		466	0	DropItem23000.csv	Bat000002.lua	411,416,412,417,413,419,408	600,600,600,600,100,50,25			0	0
734	2		小西天疯狂小队	0		0	0	0	0	0	16777215	3	255	255		559	0	DropItem23000.csv	Bat000002.lua	411,416,412,417	300,300,600,600			0	0
735	0		小西天传送使者	0		0	0	0	0	0	16777215	0	0	0	Npc000735.lua	0	0							0	0
736	2		小雷音寺小队	0		0	0	0	0	0	16777215	3	255	255		466	0	DropItem23000.csv	Bat000002.lua	401,421,402,422	600,600,300,300	401,421,402,422	1,1,1,1	0	0
737	2		小雷音寺宝宝小队	0		0	0	0	0	0	16777215	3	255	255		466	0	DropItem23000.csv	Bat000002.lua	401,421,402,422,403,423,427	600,600,600,600,100,50,25			0	0
738	2		小雷音寺疯狂小队	0		0	0	0	0	0	16777215	3	255	255		559	0	DropItem23000.csv	Bat000002.lua	401,421,402,422	300,300,600,600			0	0
739	0		大唐首席弟子	0		0	0	0	0	0	16777215	0	0	0	Npc000739.lua	0	0							0	0
740	0		变身卡大海龟	0		0	0	0	0	0	16777215	0	0	0	Npc000739.lua	0	0							0	0
741	0		变身卡巨蛙	0		0	0	0	0	0	16777215	0	0	0	Npc000739.lua	0	0							0	0
742	0		变身卡海毛虫	0		0	0	0	0	0	16777215	0	0	0	Npc000739.lua	0	0							0	0
743	0		变身卡野猪	0		0	0	0	0	0	16777215	0	0	0	Npc000739.lua	0	0							0	0
744	0		变身卡树怪	0		0	0	0	0	0	16777215	0	0	0	Npc000739.lua	0	0							0	0
745	0		变身卡大蝙蝠	0		0	0	0	0	0	16777215	0	0	0	Npc000739.lua	0	0							0	0
746	0		变身卡羊头怪	0		0	0	0	0	0	16777215	0	0	0	Npc000739.lua	0	0							0	0
747	0		变身卡蝴蝶仙子	0		0	0	0	0	0	16777215	0	0	0	Npc000739.lua	0	0							0	0
748	0		变身卡花妖	0		0	0	0	0	0	16777215	0	0	0	Npc000739.lua	0	0							0	0
749	0		变身卡芙蓉仙子	0		0	0	0	0	0	16777215	0	0	0	Npc000739.lua	0	0							0	0
750	0		变身卡骷髅怪	0		0	0	0	0	0	16777215	0	0	0	Npc000739.lua	0	0							0	0
751	0		变身卡蛤蟆精	0		0	0	0	0	0	16777215	0	0	0	Npc000739.lua	0	0							0	0
752	0		变身卡雷鸟人	0		0	0	0	0	0	16777215	0	0	0	Npc000739.lua	0	0							0	0
753	0		变身卡小龙女	0		0	0	0	0	0	16777215	0	0	0	Npc000739.lua	0	0							0	0
754	0		变身卡老虎	0		0	0	0	0	0	16777215	0	0	0	Npc000739.lua	0	0							0	0
755	0		变身卡黑熊	0		0	0	0	0	0	16777215	0	0	0	Npc000739.lua	0	0							0	0
756	0		变身卡蝙蝠	0		0	0	0	0	0	16777215	0	0	0	Npc000739.lua	0	0							0	0
757	0		变身卡狼	0		0	0	0	0	0	16777215	0	0	0	Npc000739.lua	0	0							0	0
758	0		变身卡天将	0		0	0	0	0	0	16777215	0	0	0	Npc000739.lua	0	0							0	0
759	0		变身卡白熊	0		0	0	0	0	0	16777215	0	0	0	Npc000739.lua	0	0							0	0
760	0		变身卡古代瑞兽	0		0	0	0	0	0	16777215	0	0	0	Npc000739.lua	0	0							0	0
761	0		变身卡强盗	0		0	0	0	0	0	16777215	0	0	0	Npc000739.lua	0	0							0	0
762	0		变身卡山贼	0		0	0	0	0	0	16777215	0	0	0	Npc000739.lua	0	0							0	0
763	0		变身卡护卫	0		0	0	0	0	0	16777215	0	0	0	Npc000739.lua	0	0							0	0
764	0		变身卡牛头	0		0	0	0	0	0	16777215	0	0	0	Npc000739.lua	0	0							0	0
765	0		变身卡马面	0		0	0	0	0	0	16777215	0	0	0	Npc000739.lua	0	0							0	0
766	0		变身卡野鬼	0		0	0	0	0	0	16777215	0	0	0	Npc000739.lua	0	0							0	0
767	0		变身卡狐狸精	0		0	0	0	0	0	16777215	0	0	0	Npc000739.lua	0	0							0	0
768	0		变身卡虾兵	0		0	0	0	0	0	16777215	0	0	0	Npc000739.lua	0	0							0	0
769	0		变身卡蟹将	0		0	0	0	0	0	16777215	0	0	0	Npc000739.lua	0	0							0	0
770	0		变身卡龟丞相	0		0	0	0	0	0	16777215	0	0	0	Npc000739.lua	0	0							0	0
771	0		变身卡蜘蛛精	0		0	0	0	0	0	16777215	0	0	0	Npc000739.lua	0	0							0	0
772	0		变身卡牛妖	0		0	0	0	0	0	16777215	0	0	0	Npc000739.lua	0	0							0	0
773	0		变身卡风伯	0		0	0	0	0	0	16777215	0	0	0	Npc000739.lua	0	0							0	0
774	0		变身卡蛟龙	0		0	0	0	0	0	16777215	0	0	0	Npc000739.lua	0	0							0	0
775	0		变身卡凤凰	0		0	0	0	0	0	16777215	0	0	0	Npc000739.lua	0	0							0	0
776	0		变身卡巡游天神	0		0	0	0	0	0	16777215	0	0	0	Npc000739.lua	0	0							0	0
777	0		变身卡黑山老妖	0		0	0	0	0	0	16777215	0	0	0	Npc000739.lua	0	0							0	0
778	0		变身卡地狱战神	0		0	0	0	0	0	16777215	0	0	0	Npc000739.lua	0	0							0	0
779	0		变身卡雨师	0		0	0	0	0	0	16777215	0	0	0	Npc000739.lua	0	0							0	0
780	0		变身卡天兵	0		0	0	0	0	0	16777215	0	0	0	Npc000739.lua	0	0							0	0
781	0		变身卡鬼将	0		0	0	0	0	0	16777215	0	0	0	Npc000739.lua	0	0							0	0
782	0		变身卡吸血鬼	0		0	0	0	0	0	16777215	0	0	0	Npc000739.lua	0	0							0	0
783	0		变身卡幽灵	0		0	0	0	0	0	16777215	0	0	0	Npc000739.lua	0	0							0	0
784	0		变身卡灵符女娲	0		0	0	0	0	0	16777215	0	0	0	Npc000739.lua	0	0							0	0
785	0		变身卡律法女娲	0		0	0	0	0	0	16777215	0	0	0	Npc000739.lua	0	0							0	0
786	0		变身卡净瓶女娲	0		0	0	0	0	0	16777215	0	0	0	Npc000739.lua	0	0							0	0
787	0		变身卡星灵仙子	0		0	0	0	0	0	16777215	0	0	0	Npc000739.lua	0	0							0	0
788	0		变身卡黑熊精	0		0	0	0	0	0	16777215	0	0	0	Npc000739.lua	0	0							0	0
789	0		变身卡僵尸	0		0	0	0	0	0	16777215	0	0	0	Npc000739.lua	0	0							0	0
790	0		变身卡炎魔神	0		0	0	0	0	0	16777215	0	0	0	Npc000790.lua	0	0							0	0
791	2		子母河底小队	0		0	0	0	0	0	16777215	3	255	255		240	0		Bat000002.lua	543,546,549,544,547,550	600,600,600,150,150,150	543,546,549,544,547,550	1,1,1,1,1,1	0	0
792	2		子母河底宝宝小队	0		0	0	0	0	0	16777215	3	255	255		240	0		Bat000001.lua	543,544,546,547,549,550,545,548,551	600,600,600,600,600,600,50,50,50			0	0
793	2		子母河底疯狂小队	0		0	0	0	0	0	16777215	3	255	255		280	0		Bat000001.lua	543,546,549,544,547,550	300,300,300,600,600,600	543,546,549,544,547,550	1,1,1,1,1,1	0	0
794	2		解阳山小队	0		0	0	0	0	0	16777215	3	255	255		268	0		Bat000001.lua	552,555,558,553,556,559	600,600,600,150,150,150	552,555,558,553,556,559	1,1,1,1,1,1	0	0
795	2		解阳山宝宝小队	0		0	0	0	0	0	16777215	3	255	255		270	0		Bat000001.lua	552,555,558,553,556,559,554,557,560	600,600,600,600,600,600,50,50,50			0	0
796	2		解阳山疯狂小队	0		0	0	0	0	0	16777215	3	255	255		335	0		Bat000001.lua	552,555,558,553,556,559	300,300,300,600,600,600	552,555,558,553,556,559	1,1,1,1,1,1	0	0
797	0		江湖恶霸	0		0	0	0	0	0	16777215	3	9	9	Npc000797.lua	0	0		Bat000797.lua	573	1	573	1	0	0
798	0		恶霸头目	0		0	0	0	0	0	16777215	3	9	9	Npc000798.lua	0	0		Bat000798.lua	573	1	574	1	0	0
4000	0		铜宝箱	0		0	0	0	0	0	16777215	4	1	1	Npc004000.lua	0	0		Bat004000.lua	431	1			0	0
4001	0		银宝箱	0		0	0	0	0	0	16777215	4	1	1	Npc004001.lua	0	0		Bat004001.lua	431	1			0	0
4002	0		金宝箱	0		0	0	0	0	0	16777215	4	1	1	Npc004002.lua	0	0		Bat004002.lua	431	1			0	0
300059	0		乡试考官	0		0	0	0	0	0	16777215	0	0	0	Npc300059.lua	0	0							0	0
300060	0		一号考官	0		0	0	0	0	0	16777215	0	0	0	Npc300060.lua	0	0							0	0
300061	0		二号考官	0		0	0	0	0	0	16777215	0	0	0	Npc300061.lua	0	0							0	0
300062	0		三号考官	0		0	0	0	0	0	16777215	0	0	0	Npc300062.lua	0	0							0	0
300063	0		四号考官	0		0	0	0	0	0	16777215	0	0	0	Npc300063.lua	0	0							0	0
300064	0		五号考官	0		0	0	0	0	0	16777215	0	0	0	Npc300064.lua	0	0							0	0
300065	0		六号考官	0		0	0	0	0	0	16777215	0	0	0	Npc300065.lua	0	0							0	0
300066	0		七号考官	0		0	0	0	0	0	16777215	0	0	0	Npc300066.lua	0	0							0	0
300067	0		八号考官	0		0	0	0	0	0	16777215	0	0	0	Npc300067.lua	0	0							0	0
300068	0		九号考官	0		0	0	0	0	0	16777215	0	0	0	Npc300068.lua	0	0							0	0
300069	0		十号考官	0		0	0	0	0	0	16777215	0	0	0	Npc300069.lua	0	0							0	0
300070	0		十一号考官	0		0	0	0	0	0	16777215	0	0	0	Npc300070.lua	0	0							0	0
300071	0		十二号考官	0		0	0	0	0	0	16777215	0	0	0	Npc300071.lua	0	0							0	0
300072	0		十三号考官	0		0	0	0	0	0	16777215	0	0	0	Npc300072.lua	0	0							0	0
300073	0		十四号考官	0		0	0	0	0	0	16777215	0	0	0	Npc300073.lua	0	0							0	0
300074	0		十五号考官	0		0	0	0	0	0	16777215	0	0	0	Npc300074.lua	0	0							0	0
300075	0		十六号考官	0		0	0	0	0	0	16777215	0	0	0	Npc300075.lua	0	0							0	0
300076	0		十七号考官	0		0	0	0	0	0	16777215	0	0	0	Npc300076.lua	0	0							0	0
300077	0		十八号考官	0		0	0	0	0	0	16777215	0	0	0	Npc300077.lua	0	0							0	0
300078	0		给经验给金钱给装备	0		0	0	0	0	0	16777215	0	0	0	Npc300078.lua	0	0							0	0
300079	0		二十号考官	0		0	0	0	0	0	16777215	0	0	0	Npc300079.lua	0	0							0	0
300080	0		武考官	0		0	0	0	0	0	16777215	0	0	0	Npc300080.lua	0	0							0	0
300081	0		青龙将领	0		0	0	0	0	0	16777215	0	0	0	Npc300081.lua	0	0							0	0
300082	0		白虎将领	0		0	0	0	0	0	16777215	0	0	0	Npc300082.lua	0	0							0	0
300083	0		朱雀将领	0		0	0	0	0	0	16777215	0	0	0	Npc300083.lua	0	0							0	0
300084	0		玄武将领	0		0	0	0	0	0	16777215	0	0	0	Npc300084.lua	0	0							0	0
300085	0		游泳大赛接引人	0		0	0	0	0	0	16777215	0	0	0	Npc300085.lua	0	0							0	0
300086	0		1号接引人	0		0	0	0	0	0	16777215	0	0	0	Npc300086.lua	0	0							0	0
300087	0		2号接引人	0		0	0	0	0	0	16777215	0	0	0	Npc300087.lua	0	0							0	0
300088	0		3号接引人	0		0	0	0	0	0	16777215	0	0	0	Npc300088.lua	0	0							0	0
300089	0		4号接引人	0		0	0	0	0	0	16777215	0	0	0	Npc300089.lua	0	0							0	0
300090	0		5号接引人	0		0	0	0	0	0	16777215	0	0	0	Npc300090.lua	0	0							0	0
300091	0		6号接引人	0		0	0	0	0	0	16777215	0	0	0	Npc300091.lua	0	0							0	0
300092	0		7号接引人	0		0	0	0	0	0	16777215	4	1	1	Npc300092.lua	0	0		Bat300092.lua	455	1			0	0
300093	0		8号接引人	0		0	0	0	0	0	16777215	0	0	0	Npc300093.lua	0	0							0	0
300094	0		9号接引人	0		0	0	0	0	0	16777215	4	1	1	Npc300094.lua	0	0		Bat300094.lua	455	1			0	0
300095	0		10号接引人	0		0	0	0	0	0	16777215	0	0	0	Npc300095.lua	0	0							0	0
300096	0		11号接引人	0		0	0	0	0	0	16777215	0	0	0	Npc300096.lua	0	0							0	0
300097	0		12号接引人	0		0	0	0	0	0	16777215	0	0	0	Npc300097.lua	0	0							0	0
300098	0		狴奸	0		0	0	0	0	0	16777215	0	0	0	Npc300098.lua	0	0							0	0
300410	0		皇宫飞贼	0		0	0	0	0	0	16777215	3	5	9	Npc300410.lua	0	0		Bat300410.lua	460,461	1,1	458	1	0	0
300411	0		飞贼亲信	0		0	0	0	0	0	16777215	3	5	9	Npc300410.lua	0	0		Bat300410.lua	460,461	1,1	459	1	0	0
300462	0	五毒之一	毒虫	0		0	0	0	0	0	16777215	4	1	1	Npc300462.lua	0	0		Bat300462.lua	446	1			0	0
300463	0	五毒之一	蝎子	0		0	0	0	0	0	16777215	4	1	1	Npc300462.lua	0	0		Bat300463.lua	449	1			0	0
300464	0	五毒之一	蟾蜍	0		0	0	0	0	0	16777215	4	1	1	Npc300462.lua	0	0		Bat300464.lua	447	1			0	0
300500	0		大唐官府护法	0		0	0	0	0	0	16777215	3	9	9	Npc300500.lua	0	0		Bat300500.lua	478,479,480	1,1,1	466	1	0	0
300501	0		化生寺护法	0		0	0	0	0	0	16777215	3	9	9	Npc300501.lua	0	0		Bat300501.lua	481,482,483	1,1,1	467	1	0	0
300502	0		普陀山护法	0		0	0	0	0	0	16777215	3	9	9	Npc300502.lua	0	0		Bat300502.lua	484,485,486	1,1,1	468	1	0	0
300503	0		地府护法	0		0	0	0	0	0	16777215	3	9	9	Npc300503.lua	0	0		Bat300503.lua	487,488,489	1,1,1	469	1	0	0
300504	0		龙宫护法	0		0	0	0	0	0	16777215	3	9	9	Npc300504.lua	0	0		Bat300504.lua	490,491,492	1,1,1	470	1	0	0
300505	0		女儿村护法	0		0	0	0	0	0	16777215	3	9	9	Npc300505.lua	0	0		Bat300505.lua	493,494,495	1,1,1	471	1	0	0
300506	0		天宫护法	0		0	0	0	0	0	16777215	3	9	9	Npc300506.lua	0	0		Bat300506.lua	496,497,498	1,1,1	472	1	0	0
300507	0		狮驼岭护法	0		0	0	0	0	0	16777215	3	9	9	Npc300507.lua	0	0		Bat300507.lua	499,500,501	1,1,1	473	1	0	0
300508	0		魔王寨护法	0		0	0	0	0	0	16777215	3	9	9	Npc300508.lua	0	0		Bat300508.lua	502,503,504	1,1,1	474	1	0	0
300509	0		盘丝岭护法	0		0	0	0	0	0	16777215	3	9	9	Npc300509.lua	0	0		Bat300509.lua	505,506,507	1,1,1	475	1	0	0
300510	0		五庄观护法	0		0	0	0	0	0	16777215	3	9	9	Npc300510.lua	0	0		Bat300510.lua	508,509,510	1,1,1	476	1	0	0
300511	0		方寸山护法	0		0	0	0	0	0	16777215	3	9	9	Npc300511.lua	0	0		Bat300511.lua	511,512,513	1,1,1	477	1	0	0
300512	0		门派闯关使者	0		0	0	0	0	0	16777215	3	9	9	Npc300512.lua	0	0		Bat300511.lua	460,461	1,1	477	1	0	0
300513	0		武神坛暂定	0		0	0	0	0	0	16777215	3	9	9	Npc300513.lua	0	0		Bat300511.lua	460,461	1,1	477	1	0	0
300514	0		武神坛暂定	0		0	0	0	0	0	16777215	3	9	9	Npc300514.lua	0	0		Bat300511.lua	460,461	1,1	477	1	0	0
300515	0		武神坛暂定	0		0	0	0	0	0	16777215	3	9	9	Npc300515.lua	0	0		Bat300511.lua	460,461	1,1	477	1	0	0
300516	0		武神坛暂定	0		0	0	0	0	0	16777215	3	9	9	Npc300516.lua	0	0		Bat300511.lua	460,461	1,1	477	1	0	0
300517	0		武神坛暂定	0		0	0	0	0	0	16777215	3	9	9	Npc300517.lua	0	0		Bat300511.lua	460,461	1,1	477	1	0	0
300518	0		武神坛暂定	0		0	0	0	0	0	16777215	3	9	9	Npc300518.lua	0	0		Bat300511.lua	460,461	1,1	477	1	0	0
300519	2		捣乱的喽啰	0		0	0	0	0	0	16777215	2	1	1		0	0			517,518,519	1,1,1	514	1	0	0
300520	2		捣乱的喽啰	0		0	0	0	0	0	16777215	2	1	1		0	0			517,518,519	1,1,1	515	1	0	0
300521	2		捣乱的喽啰	0		0	0	0	0	0	16777215	2	1	1		0	0			517,518,519	1,1,1	516	1	0	0
300522	2	嘉年华活动	嘉年华使者	0		0	0	0	0	0	16777215	0	0	0	Npc300522.lua	0	0							0	0
300523	0		侠客	0		0	0	0	0	0	16777215	4	1	1	Npc300523.lua	0	0		Bat300523.lua	525	1			0	0
300524	0		初出茅庐地煞星	0		0	0	0	0	0	16777215	4	1	1	Npc300524.lua	0	0		Bat300524.lua	530	1			0	0
300525	0		魔帝	0		0	0	0	0	0	16777215	4	1	1	Npc300525.lua	0	0		Bat300525.lua	539	1			0	0
300526	0		魔君	0		0	0	0	0	0	16777215	4	1	1	Npc300526.lua	0	0		Bat300526.lua	540	1			0	0
300527	0		魔神	0		0	0	0	0	0	16777215	4	1	1	Npc300527.lua	0	0		Bat300527.lua	541	1			0	0
300528	0		魔祖	0		0	0	0	0	0	16777215	4	1	1	Npc300528.lua	0	0		Bat300528.lua	542	1			0	0
300529	0		挂毯店老板娘	0		0	0	0	0	0	16777215	4	1	1	Npc300529.lua	0	0		Bat300529.lua					0	0
300530	0		西梁女兵	0		0	0	0	0	0	16777215	4	1	1	Npc300529.lua	0	0		Bat300529.lua					0	0
300531	0		上官丞相	0		0	0	0	0	0	16777215	4	1	1	Npc300529.lua	0	0		Bat300529.lua					0	0
300532	0		宁小倩	0		0	0	0	0	0	16777215	4	1	1	Npc300529.lua	0	0		Bat300529.lua					0	0
300533	0		慕容婆婆	0		0	0	0	0	0	16777215	4	1	1	Npc300529.lua	0	0		Bat300529.lua					0	0
300534	0		西凉国王	0		0	0	0	0	0	16777215	4	1	1	Npc300529.lua	0	0		Bat300529.lua					0	0
301000	0		魔神蚩尤(一阶)	0		0	0	0	0	0	16777215	4	1	1	Npc301000.lua	0	0		Bat301000.lua	431	1			0	0
301001	0		魔神蚩尤(二阶)	0		0	0	0	0	0	16777215	4	1	1	Npc301001.lua	0	0		Bat301001.lua	431	1			0	0
301002	0		魔神蚩尤(三阶)	0		0	0	0	0	0	16777215	4	1	1	Npc301002.lua	0	0		Bat301002.lua	431	1			0	0
301003	0		魔神蚩尤(四阶)	0		0	0	0	0	0	16777215	4	1	1	Npc301003.lua	0	0		Bat301003.lua	431	1			0	0
7123	0		魔神蚩尤(五阶)	0		0	0	0	0	0	16777215	4	1	1	Npc301004.lua	0	0		Bat301004.lua	431	1			0	0
301005	0		幽莹娃娃	0		0	0	0	0	0	16777215	4	1	1	Npc301005.lua	0	0		Bat301005.lua	585	1			0	0
700000	0		帮派负责人	0		0	0	0	0	0	16777215	0	0	0	Npc700000.lua	0	0							0	0
700001	0		战斗负责人	0		0	0	0	0	0	16777215	0	0	0	Npc700001.lua	0	0							0	0
800000	0			0		0	0	0	0	0	16777215	0	0	0	Npc800000.lua	0	0							0	0
800001	0			0		0	0	0	0	0	16777215	0	0	0	Npc800001.lua	0	0							0	0
800002	0			0		0	0	0	0	0	16777215	0	0	0	Npc800002.lua	0	0							0	0
800003	0			0		0	0	0	0	0	16777215	0	0	0	Npc800003.lua	0	0							0	0
800004	0			0		0	0	0	0	0	16777215	0	0	0	Npc800004.lua	0	0							0	0
800005	0		雪人使者	0		0	0	0	0	0	16777215	0	0	0	Npc800005.lua	0	0							0	0
800006	0			0		0	0	0	0	0	16777215	0	0	0	Npc800006.lua	0	0							0	0
791	0		变异炎魔神	0		0	0	0	0	0	16777215	0	0	0	Npc000790.lua	0	0							0	0
792	0		变异鬼将	0		0	0	0	0	0	16777215	0	0	0	Npc000790.lua	0	0							0	0
793	0		变异幽灵	0		0	0	0	0	0	16777215	0	0	0	Npc000790.lua	0	0							0	0
794	0		变异吸血鬼	0		0	0	0	0	0	16777215	0	0	0	Npc000790.lua	0	0							0	0
795	0		变异龙龟	0		0	0	0	0	0	16777215	0	0	0	Npc000790.lua	0	0							0	0
796	0		变异大力金刚	0		0	0	0	0	0	16777215	0	0	0	Npc000790.lua	0	0							0	0
400500	0		喜羊羊[简单]	0		0	0	0	0	0	16777215	4	1	1	Npc400500.lua	0	0		Bat400500.lua	8200	1			0	0
400501	0		一代书生[困难]	0		0	0	0	0	0	16777215	4	1	1	Npc400501.lua	0	0		Bat400501.lua	8202	1			0	0
400502	0		孙悟饭[简单]	0		0	0	0	0	0	16777215	4	1	1	Npc400502.lua	0	0		Bat400502.lua	8203	1			0	0
400503	0		冰雪女王[中等]	0		0	0	0	0	0	16777215	4	1	1	Npc400503.lua	0	0		Bat400503.lua	8204	1			0	0
400504	0		妖狐[简单]	0		0	0	0	0	0	16777215	4	1	1	Npc400504.lua	0	0		Bat400504.lua	8205	1			0	0
400505	0		琴仙[简单]	0		0	0	0	0	0	16777215	4	1	1	Npc400505.lua	0	0		Bat400505.lua	8206	1			0	0
400506	0		龙太子[简单]	0		0	0	0	0	0	16777215	4	1	1	Npc400506.lua	0	0		Bat400506.lua	8207	1			0	0
400507	0		兔乖乖[简单]	0		0	0	0	0	0	16777215	4	1	1	Npc400507.lua	0	0		Bat400507.lua	8201	1			0	0
400508	0		锁链鬼使[简单]	0		0	0	0	0	0	16777215	4	1	1	Npc400508.lua	0	0		Bat400508.lua	8209	1			0	0
400509	0		金浪淘沙[简单]	0		0	0	0	0	0	16777215	4	1	1	Npc400509.lua	0	0		Bat400509.lua	8208	1			0	0
400510	0		九天琴魔[超难]	0		0	0	0	0	0	16777215	4	1	1	Npc400510.lua	0	0		Bat400510.lua	8210	1			0	0
400511	0		阿修罗[中等]	0		0	0	0	0	0	16777215	4	1	1	Npc400511.lua	0	0		Bat400511.lua	8211	1			0	0
400512	0		炽天使[一般]	0		0	0	0	0	0	16777215	4	1	1	Npc400512.lua	0	0		Bat400512.lua	8212	1			0	0
400513	0		画中仙[困难]	0		0	0	0	0	0	16777215	4	1	1	Npc400513.lua	0	0		Bat400513.lua	8213	1			0	0
400514	0		范式之魂[困难]	0		0	0	0	0	0	16777215	4	1	1	Npc400514.lua	0	0		Bat400514.lua	8214	1			0	0
400515	0		突兀[一般]	0		0	0	0	0	0	16777215	4	1	1	Npc400515.lua	0	0		Bat400515.lua	8215	1			0	0
400516	0		麒麟[一般]	0		0	0	0	0	0	16777215	4	1	1	Npc400516.lua	0	0		Bat400516.lua	8217	1			0	0
400517	0		妖火狼[一般]	0		0	0	0	0	0	16777215	4	1	1	Npc400517.lua	0	0		Bat400517.lua	8218	1			0	0
400518	0		白狐[简单]	0		0	0	0	0	0	16777215	4	1	1	Npc400518.lua	0	0		Bat400518.lua	8216	1			0	0
400519	0		飞龙在天[超难]	0		0	0	0	0	0	16777215	4	1	1	Npc400519.lua	0	0		Bat400519.lua	8219	1			0	0
400520	0		大天使[超难]	0		0	0	0	0	0	16777215	4	1	1	Npc400520.lua	0	0		Bat400520.lua	8227	1			0	0
400521	0		九天玄女[困难]	0		0	0	0	0	0	16777215	4	1	1	Npc400521.lua	0	0		Bat400521.lua	8221	1			0	0
400522	0		冥雷[中等]	0		0	0	0	0	0	16777215	4	1	1	Npc400522.lua	0	0		Bat400522.lua	8220	1			0	0
400523	0		浪漫五叶[简单]	0		0	0	0	0	0	16777215	4	1	1	Npc400523.lua	0	0		Bat400523.lua	8222	1			0	0
400524	0		妹妹[一般]	0		0	0	0	0	0	16777215	4	1	1	Npc400524.lua	0	0		Bat400524.lua	8223	1			0	0
400525	0		九天妖女[困难]	0		0	0	0	0	0	16777215	4	1	1	Npc400525.lua	0	0		Bat400525.lua	8224	1			0	0
400526	0		垂钓者[困难]	0		0	0	0	0	0	16777215	4	1	1	Npc400526.lua	0	0		Bat400526.lua	8225	1			0	0
400527	0		颜如玉[困难]	0		0	0	0	0	0	16777215	4	1	1	Npc400527.lua	0	0		Bat400527.lua	8226	1			0	0
400600	0		王八稿子龟儿子	0		0	0	0	0	0	16777215	4	1	1	Npc400600.lua	0	0		Bat400600.lua	937	1			0	0
400601	0		千年老妖天下无敌	0		0	0	0	0	0	16777215	4	1	1	Npc400601.lua	0	0		Bat400601.lua	937	1			0	0
400602	0		猪刚烈-佛法无边	0		0	0	0	0	0	16777215	4	1	1	Npc400602.lua	0	0		Bat400602.lua	937	1			0	0
400603	0		强盗头子	0		0	0	0	0	0	16777215	4	1	1	Npc400603.lua	0	0		Bat400603.lua	937	1			0	0
400604	0		千年树妖	0		0	0	0	0	0	16777215	4	1	1	Npc400604.lua	0	0		Bat400604.lua	937	1			0	0
400700	0		偷偷摸摸搞死你	0		0	0	0	0	0	16777215	4	1	1	Npc400700.lua	0	0		Bat400700.lua	940	1			0	0
400701	0		女娲补天造人类	0		0	0	0	0	0	16777215	4	1	1	Npc400701.lua	0	0		Bat400701.lua	941	1			0	0
400702	0		火山里的魔鬼	0		0	0	0	0	0	16777215	4	1	1	Npc400702.lua	0	0		Bat400702.lua	942	1			0	0
400703	0		大王叫我来寻山	0		0	0	0	0	0	16777215	4	1	1	Npc400703.lua	0	0		Bat400703.lua	943	1			0	0
400704	0		无敌牛虱	0		0	0	0	0	0	16777215	4	1	1	Npc400704.lua	0	0		Bat400704.lua	944	1			0	0
400705	0		地狱战神鬼绞	0		0	0	0	0	0	16777215	4	1	1	Npc400705.lua	0	0		Bat400705.lua	945	1			0	0
400800	0		黄眉老怪	0		0	0	0	0	0	16777215	4	1	1	Npc400800.lua	0	0		Bat400800.lua	950	1			0	0
400801	0		知了王	0		0	0	0	0	0	16777215	4	1	1	Npc400801.lua	0	0		Bat400801.lua	951	1			0	0
400810	0		朝庭反贼	0		0	0	0	0	0	16777215	4	1	1	Npc400810.lua	0	0		Bat400810.lua	960	1			0	0
400811	0		朝庭反贼	0		0	0	0	0	0	16777215	4	1	1	Npc400811.lua	0	0		Bat400811.lua	961	1			0	0
400812	0		朝庭反贼	0		0	0	0	0	0	16777215	4	1	1	Npc400812.lua	0	0		Bat400812.lua	962	1			0	0
400813	0		朝庭反贼首领	0		0	0	0	0	0	16777215	4	1	1	Npc400813.lua	0	0		Bat400813.lua	963	1			0	0
400814	0		朝庭反贼首领	0		0	0	0	0	0	16777215	4	1	1	Npc400814.lua	0	0		Bat400814.lua	964	1			0	0
400815	0		朝庭反贼头目	0		0	0	0	0	0	16777215	4	1	1	Npc400815.lua	0	0		Bat400815.lua	965	1			0	0
400816	0		朝庭反贼头目	0		0	0	0	0	0	16777215	4	1	1	Npc400816.lua	0	0		Bat400816.lua	966	1			0	0
400817	0		朝庭反贼头目	0		0	0	0	0	0	16777215	4	1	1	Npc400817.lua	0	0		Bat400817.lua	967	1			0	0
400820	0		夏日小分队	0		0	0	0	0	0	16777215	4	1	1	Npc400820.lua	0	0		Bat400820.lua	970	1			0	0
400900	0		渡劫奖励领取	0		0	0	0	0	0	16777215	4	1	1	Npc400900.lua	0	0		Bat400900.lua	1130	1			0	0
400901	0		渡劫指导员	0		0	0	0	0	0	16777215	4	1	1	Npc400901.lua	0	0		Bat400901.lua	1131	1			0	0
400902	0		宁采臣	0		0	0	0	0	0	16777215	4	1	1	Npc400902.lua	0	0		Bat400902.lua	1131	1			0	0
401000	0		★地煞星	0		0	0	0	0	0	16777215	4	1	1	Npc401000.lua	0	0		Bat401000.lua	1100	1			0	0
401001	0		★★地煞星	0		0	0	0	0	0	16777215	4	1	1	Npc401001.lua	0	0		Bat401001.lua	1101	1			0	0
401002	0		★★★地煞星	0		0	0	0	0	0	16777215	4	1	1	Npc401002.lua	0	0		Bat401002.lua	1102	1			0	0
401003	0		★★★★地煞星	0		0	0	0	0	0	16777215	4	1	1	Npc401003.lua	0	0		Bat401003.lua	1103	1			0	0
401004	0		★★★★★地煞星	0		0	0	0	0	0	16777215	4	1	1	Npc401004.lua	0	0		Bat401004.lua	1099	1			0	0
401005	0		★★★★★★地煞星	0		0	0	0	0	0	16777215	4	1	1	Npc401005.lua	0	0		Bat401005.lua	1104	1			0	0
401006	0		★★★★★★★地煞星	0		0	0	0	0	0	16777215	4	1	1	Npc401006.lua	0	0		Bat401006.lua	1105	1			0	0
401010	0		盗宝神秘人	0		0	0	0	0	0	16777215	4	1	1	Npc401010.lua	0	0		Bat401010.lua	980	1			0	0
401011	0		盗宝神秘人	0		0	0	0	0	0	16777215	4	1	1	Npc401011.lua	0	0		Bat401011.lua	981	1			0	0
401120	0	宠物一键10技	宠物一键5技	0		0	0	0	0	0	16777215	4	1	1	Npc401120.lua	0	0		Bat401120.lua	1105	1			0	0
401121	0	免费10修	免费10修	0		0	0	0	0	0	16777215	4	1	1	Npc401121.lua	0	0		Bat401121.lua	1105	1			0	0
401122	0	小赌怡情	高级修炼使者	0		0	0	0	0	0	16777215	4	1	1	Npc401122.lua	0	0		Bat401122.lua	1105	1			0	0
401123	0		开服福利大使	0		0	0	0	0	0	16777215	4	1	1	Npc401123.lua	0	0		Bat401123.lua	258	1			0	0
401200	0		妖魔小兵	0		0	0	0	0	0	16777215	4	1	1	Npc401200.lua	0	0		Bat401200.lua	1140	1			0	0
401201	0		妖魔头目	0		0	0	0	0	0	16777215	4	1	1	Npc401201.lua	0	0		Bat401201.lua	1141	1			0	0
401202	0		妖魔首领	0		0	0	0	0	0	16777215	4	1	1	Npc401202.lua	0	0		Bat401202.lua	1142	1			0	0
700028	0		每日签到	0		0	0	0	0	0	16777215	4	1	1	Npc700028.lua	0	0		Bat700028.lua	1142	1			0	0
700029	0		诛仙之力指导	0		0	0	0	0	0	16777215	4	1	1	Npc700029.lua	0	0		Bat700029.lua	1142	1			0	0
700030	0		召唤兽点化	0		0	0	0	0	0	16777215	4	1	1	Npc700030.lua	0	0		Bat700030.lua	1142	1			0	0
700031	0		泡点积分商城	0		0	0	0	0	0	16777215	4	1	1	Npc700031.lua	0	0		Bat700030.lua	1142	1			0	0
700032	0		欢乐开服	0		0	0	0	0	0	16777215	4	1	1	Npc700032.lua	0	0		Bat700030.lua	1142	1			0	0
700044	0		财神爷	0		0	0	0	0	0	16777215	4	1	1	Npc700044.lua	0	0		Bat700044.lua	1142	1			0	0
401400	0		千年鬼王	0		0	0	0	0	0	16777215	4	1	1	Npc401400.lua	0	0		Bat401400.lua	1170	1			0	0
401401	0		千年鬼王	0		0	0	0	0	0	16777215	4	1	1	Npc401401.lua	0	0		Bat401401.lua	1171	1			0	0
401402	0		千年鬼王	0		0	0	0	0	0	16777215	4	1	1	Npc401402.lua	0	0		Bat401402.lua	1172	1			0	0
401403	0		千年鬼王	0		0	0	0	0	0	16777215	4	1	1	Npc401403.lua	0	0		Bat401403.lua	1173	1			0	0
401404	0		千年鬼王	0		0	0	0	0	0	16777215	4	1	1	Npc401404.lua	0	0		Bat401404.lua	1173	1			0	0
401500	0		神器使者	0		0	0	0	0	0	16777215	4	1	1	Npc401500.lua	0	0		Bat401500.lua	1166	1			0	0
402000	0		生死劫·止戈	0		0	0	0	0	0	16777215	4	1	1	Npc402000.lua	0	0		Bat402000.lua	1180	1			0	0
402001	0		生死劫·清心	0		0	0	0	0	0	16777215	4	1	1	Npc402001.lua	0	0		Bat402001.lua	1181	1			0	0
402002	0		生死劫·雷霆	0		0	0	0	0	0	16777215	4	1	1	Npc402002.lua	0	0		Bat402002.lua	1182	1			0	0
402003	0		生死劫·惜花	0		0	0	0	0	0	16777215	4	1	1	Npc402003.lua	0	0		Bat402003.lua	1183	1			0	0
402004	0		生死劫·忘情 	0		0	0	0	0	0	16777215	4	1	1	Npc402004.lua	0	0		Bat402004.lua	1184	1			0	0
402005	0		生死劫·卧龙	0		0	0	0	0	0	16777215	4	1	1	Npc402005.lua	0	0		Bat402005.lua	1185	1			0	0
402006	0		生死劫·天象	0		0	0	0	0	0	16777215	4	1	1	Npc402006.lua	0	0		Bat402006.lua	1186	1			0	0
402007	0		生死劫·轮回	0		0	0	0	0	0	16777215	4	1	1	Npc402007.lua	0	0		Bat402007.lua	1187	1			0	0
402008	0		生死劫·娑罗	0		0	0	0	0	0	16777215	4	1	1	Npc402008.lua	0	0		Bat402008.lua	1188	1			0	0
403000	0		千年古树	0		0	0	0	0	0	16777215	4	1	1	Npc403000.lua	0	0		Bat403000.lua	1188	1			0	0
403001	0		捣乱的小妖	0		0	0	0	0	0	16777215	4	1	1	Npc403001.lua	0	0		Bat403001.lua	1300	1			0	0
403002	0		翼虎将军	0		0	0	0	0	0	16777215	4	1	1	Npc403002.lua	0	0		Bat403002.lua	1301	1			0	0
403003	0		翼蛇将军	0		0	0	0	0	0	16777215	4	1	1	Npc403003.lua	0	0		Bat403003.lua	1302	1			0	0
403004	0		上古妖兽头领	0		0	0	0	0	0	16777215	4	1	1	Npc403004.lua	0	0		Bat403004.lua	1307	1			0	0
403005	0		妖将军	0		0	0	0	0	0	16777215	4	1	1	Npc403005.lua	0	0		Bat403005.lua	1313	1			0	0
403006	0		魑魅	0		0	0	0	0	0	16777215	4	1	1	Npc403006.lua	0	0		Bat403006.lua	1309	1			0	0
403007	0		魍魉	0		0	0	0	0	0	16777215	4	1	1	Npc403007.lua	0	0		Bat403007.lua	1309	1			0	0
403009	0		水陆接待人	0		0	0	0	0	0	16777215	4	1	1	Npc403009.lua	0	0		Bat403009.lua	1309	1			0	0
403010	0		李世民	0		0	0	0	0	0	16777215	4	1	1	Npc403010.lua	0	0		Bat403010.lua	1309	1			0	0
403011	0		上古妖兵	0		0	0	0	0	0	16777215	4	1	1	Npc403011.lua	0	0		Bat403011.lua	1314	1			0	0
407000	0		芭蕉木妖	0		0	0	0	0	0	16777215	4	1	1	Npc407000.lua	0	0		Bat407000.lua	1400	1			0	0
407001	0		怵	0		0	0	0	0	0	16777215	4	1	1	Npc407001.lua	0	0		Bat407001.lua	1403	1			0	0
407002	0		荆棘丛	0		0	0	0	0	0	16777215	4	1	1	Npc407002.lua	0	0		Bat407002.lua	1406	1			0	0
407003	0		拘灵妖怪	0		0	0	0	0	0	16777215	4	1	1	Npc407003.lua	0	0		Bat407003.lua	1409	1			0	0
407004	0		囚神妖怪	0		0	0	0	0	0	16777215	4	1	1	Npc407004.lua	0	0		Bat407004.lua	1410	1			0	0
407005	0		缚仙妖怪	0		0	0	0	0	0	16777215	4	1	1	Npc407005.lua	0	0		Bat407005.lua	1411	1			0	0
407006	0		国王	0		0	0	0	0	0	16777215	4	1	1	Npc407006.lua	0	0		Bat407006.lua	1415	1			0	0
407007	0		国王	0		0	0	0	0	0	16777215	4	1	1	Npc407007.lua	0	0		Bat407007.lua	1416	1			0	0
407008	0		乌鸡国王	0		0	0	0	0	0	16777215	4	1	1	Npc407008.lua	0	0		Bat407008.lua	1416	1			0	0
407009	0		仙人	0		0	0	0	0	0	16777215	4	1	1	Npc407009.lua	0	0		Bat407009.lua	1416	1			0	0
1000	0		杨戬	0		0	0	0	0	0	16777215	0	0	0	Npc001000.lua	0	0							0	0
800011	0	妖王	高级材料购买特使	0		0	0	0	0	0	16777215	4	1	1	Npc800011.lua	0	0		Bat800011.lua	1417	1			0	0
800012	0	妖王	二层蓝鬼王	0		0	0	0	0	0	16777215	0	0	0	Npc800012.lua	0	0		Bat800012.lua					0	0
800013	0	妖王	三层青霜王	0		0	0	0	0	0	16777215	0	0	0	Npc800013.lua	0	0		Bat800013.lua					0	0
800014	0	妖王	四层镇天王	0		0	0	0	0	0	16777215	0	0	0	Npc800014.lua	0	0		Bat800014.lua					0	0
800015	0	妖王	万妖之王	0		0	0	0	0	0	16777215	0	0	0	Npc800015.lua	0	0		Bat800015.lua					0	0
800016	0	锁妖塔副本	天兵统领	0		0	0	0	0	0	16777215	0	0	0	Npc800016.lua	0	0							0	0
900001	0	☆世界BOSS☆	怒雷将军	0		0	0	0	0	0	16777215	4	0	0	Npc900001.lua	0	0		Bat900001.lua	520	1			0	0
900002	0	白送经验	经验老大	0		0	0	0	0	0	16777215	4	0	0	Npc900002.lua	0	0		Bat900002.lua	176	1			0	0